Helpful_Prob,Q1,Disease,Q3_original,Conf_Improve,participant,Classifier_Answer,Acc_Improve,Classifier_Acc,User_Diff,Q4,Q5,question,Follows_AI,Q3,Q1_original,XAI_Presence,Q2,Unnamed: 0
0.0,1,Kabuki,Kabuki syndrome,0,1,Kabuki,0,Correct,High_Acc,2.0,0.0,1,0,1,Kabuki syndrome,0,2.0,0
-2.0,1,Kabuki,Kabuki syndrome,0,2,Kabuki,0,Correct,High_Acc,2.0,-2.0,1,0,1,Kabuki syndrome,0,2.0,1
1.0,1,Kabuki,Kabuki syndrome,0,3,Kabuki,0,Correct,High_Acc,1.0,1.0,1,0,1,Kabuki syndrome,0,1.0,2
0.0,1,Kabuki,Kabuki syndrome,1,4,Kabuki,0,Correct,High_Acc,2.0,0.0,1,0,1,Kabuki syndrome,0,1.0,3
0.0,1,Kabuki,Kabuki syndrome,0,5,Kabuki,0,Correct,High_Acc,2.0,0.0,1,0,1,Kabuki syndrome,0,2.0,4
0.0,1,Kabuki,Kabuki syndrome,0,6,Kabuki,0,Correct,High_Acc,2.0,0.0,1,0,1,Kabuki syndrome,0,2.0,5
1.0,1,Kabuki,Kabuki syndrome,0,7,Kabuki,0,Correct,High_Acc,2.0,1.0,1,0,1,Kabuki syndrome,0,2.0,6
1.0,0,Kabuki,Kabuki syndrome,-1,8,Kabuki,1,Correct,High_Acc,0.0,1.0,1,1,1,Noonan syndrome,0,1.0,7
-2.0,1,Kabuki,Kabuki syndrome,0,9,Kabuki,0,Correct,High_Acc,2.0,-2.0,1,0,1,Kabuki syndrome,0,2.0,8
2.0,1,Kabuki,Kabuki syndrome,0,10,Kabuki,0,Correct,High_Acc,2.0,2.0,1,0,1,Kabuki syndrome,0,2.0,9
0.0,0,Kabuki,Kabuki syndrome,1,11,Kabuki,1,Correct,High_Acc,0.0,0.0,1,1,1,Unaffected,0,-1.0,10
2.0,1,Kabuki,Kabuki syndrome,1,12,Kabuki,0,Correct,High_Acc,2.0,2.0,1,0,1,Kabuki syndrome,0,1.0,11
0.0,1,Kabuki,Kabuki syndrome,0,13,Kabuki,0,Correct,High_Acc,2.0,0.0,1,0,1,Kabuki syndrome,0,2.0,12
-2.0,1,Kabuki,Kabuki syndrome,0,14,Kabuki,0,Correct,High_Acc,1.0,-2.0,1,0,1,Kabuki syndrome,0,1.0,13
2.0,1,Kabuki,Kabuki syndrome,1,15,Kabuki,0,Correct,High_Acc,2.0,2.0,1,0,1,Kabuki syndrome,0,1.0,14
1.0,1,Kabuki,Kabuki syndrome,0,16,Kabuki,0,Correct,High_Acc,2.0,1.0,1,0,1,Kabuki syndrome,0,2.0,15
2.0,1,Kabuki,Kabuki syndrome,0,17,Kabuki,0,Correct,High_Acc,2.0,2.0,1,0,1,Kabuki syndrome,0,2.0,16
0.0,1,Kabuki,Kabuki syndrome,0,18,Kabuki,0,Correct,High_Acc,2.0,0.0,1,0,1,Kabuki syndrome,0,2.0,17
1.0,1,Kabuki,Kabuki syndrome,0,19,Kabuki,0,Correct,High_Acc,1.0,1.0,1,0,1,Kabuki syndrome,0,1.0,18
0.0,1,Kabuki,Kabuki syndrome,4,20,Kabuki,0,Correct,High_Acc,2.0,0.0,1,0,1,Kabuki syndrome,0,-2.0,19
1.0,1,Kabuki,Kabuki syndrome,1,21,Kabuki,0,Correct,High_Acc,2.0,1.0,1,0,1,Kabuki syndrome,0,1.0,20
0.0,1,Kabuki,Kabuki syndrome,1,22,Kabuki,0,Correct,High_Acc,1.0,0.0,1,0,1,Kabuki syndrome,0,0.0,21
0.0,1,Kabuki,Kabuki syndrome,0,23,Kabuki,0,Correct,High_Acc,2.0,0.0,1,0,1,Kabuki syndrome,0,2.0,22
2.0,1,Angelman,Angelman syndrome,3,1,Angelman,0,Correct,Low_Acc,2.0,2.0,2,0,1,Angelman syndrome,0,-1.0,28
1.0,1,Angelman,Angelman syndrome,1,2,Angelman,0,Correct,Low_Acc,1.0,1.0,2,0,1,Angelman syndrome,0,0.0,29
1.0,0,Angelman,Angelman syndrome,-1,3,Angelman,1,Correct,Low_Acc,-1.0,1.0,2,1,1,22q11.2 deletion syndrome,0,0.0,30
0.0,1,Angelman,Angelman syndrome,1,4,Angelman,0,Correct,Low_Acc,1.0,0.0,2,0,1,Angelman syndrome,0,0.0,31
1.0,0,Angelman,Angelman syndrome,0,5,Angelman,1,Correct,Low_Acc,1.0,1.0,2,1,1,22q11.2 deletion syndrome,0,1.0,32
2.0,1,Angelman,Angelman syndrome,1,6,Angelman,0,Correct,Low_Acc,2.0,2.0,2,0,1,Angelman syndrome,0,1.0,33
2.0,1,Angelman,Angelman syndrome,2,7,Angelman,0,Correct,Low_Acc,2.0,2.0,2,0,1,Angelman syndrome,0,0.0,34
1.0,1,Angelman,Angelman syndrome,1,8,Angelman,0,Correct,Low_Acc,1.0,1.0,2,0,1,Angelman syndrome,0,0.0,35
1.0,0,Angelman,Angelman syndrome,0,9,Angelman,1,Correct,Low_Acc,0.0,1.0,2,1,1,22q11.2 deletion syndrome,0,0.0,36
1.0,1,Angelman,Angelman syndrome,0,10,Angelman,0,Correct,Low_Acc,2.0,1.0,2,0,1,Angelman syndrome,0,2.0,37
0.0,0,Angelman,Angelman syndrome,0,11,Angelman,1,Correct,Low_Acc,-1.0,0.0,2,1,1,22q11.2 deletion syndrome,0,-1.0,38
2.0,1,Angelman,Angelman syndrome,0,12,Angelman,0,Correct,Low_Acc,2.0,2.0,2,0,1,Angelman syndrome,0,2.0,39
1.0,1,Angelman,Angelman syndrome,1,13,Angelman,0,Correct,Low_Acc,1.0,1.0,2,0,1,Angelman syndrome,0,0.0,40
1.0,0,Angelman,Angelman syndrome,2,14,Angelman,1,Correct,Low_Acc,1.0,1.0,2,1,1,22q11.2 deletion syndrome,0,-1.0,41
1.0,1,Angelman,Angelman syndrome,1,15,Angelman,0,Correct,Low_Acc,1.0,1.0,2,0,1,Angelman syndrome,0,0.0,42
1.0,0,Angelman,Angelman syndrome,0,16,Angelman,1,Correct,Low_Acc,1.0,1.0,2,1,1,22q11.2 deletion syndrome,0,1.0,43
1.0,0,Angelman,Angelman syndrome,0,17,Angelman,1,Correct,Low_Acc,1.0,1.0,2,1,1,22q11.2 deletion syndrome,0,1.0,44
1.0,0,Angelman,Angelman syndrome,-1,18,Angelman,1,Correct,Low_Acc,0.0,1.0,2,1,1,22q11.2 deletion syndrome,0,1.0,45
0.0,0,Angelman,22q11.2 deletion syndrome,0,19,Angelman,0,Correct,Low_Acc,0.0,0.0,2,-1,0,22q11.2 deletion syndrome,0,0.0,46
0.0,1,Angelman,Angelman syndrome,0,20,Angelman,0,Correct,Low_Acc,2.0,0.0,2,0,1,Angelman syndrome,0,2.0,47
1.0,1,Angelman,Angelman syndrome,1,21,Angelman,0,Correct,Low_Acc,2.0,1.0,2,0,1,Angelman syndrome,0,1.0,48
0.0,0,Angelman,22q11.2 deletion syndrome,0,22,Angelman,0,Correct,Low_Acc,0.0,0.0,2,-1,0,22q11.2 deletion syndrome,0,0.0,49
2.0,0,Angelman,Angelman syndrome,2,23,Angelman,1,Correct,Low_Acc,2.0,2.0,2,1,1,Unaffected,0,0.0,50
0.0,1,Noonan,Noonan syndrome,0,1,Noonan,0,Correct,High_Acc,2.0,0.0,3,0,1,Noonan syndrome,0,2.0,56
-2.0,1,Noonan,Noonan syndrome,0,2,Noonan,0,Correct,High_Acc,2.0,-2.0,3,0,1,Noonan syndrome,0,2.0,57
1.0,1,Noonan,Noonan syndrome,0,3,Noonan,0,Correct,High_Acc,1.0,1.0,3,0,1,Noonan syndrome,0,1.0,58
0.0,1,Noonan,Noonan syndrome,0,4,Noonan,0,Correct,High_Acc,2.0,0.0,3,0,1,Noonan syndrome,0,2.0,59
0.0,1,Noonan,Noonan syndrome,0,5,Noonan,0,Correct,High_Acc,2.0,0.0,3,0,1,Noonan syndrome,0,2.0,60
2.0,1,Noonan,Noonan syndrome,0,6,Noonan,0,Correct,High_Acc,2.0,2.0,3,0,1,Noonan syndrome,0,2.0,61
1.0,1,Noonan,Noonan syndrome,0,7,Noonan,0,Correct,High_Acc,2.0,1.0,3,0,1,Noonan syndrome,0,2.0,62
0.0,1,Noonan,Noonan syndrome,0,8,Noonan,0,Correct,High_Acc,1.0,0.0,3,0,1,Noonan syndrome,0,1.0,63
1.0,1,Noonan,Noonan syndrome,1,9,Noonan,0,Correct,High_Acc,2.0,1.0,3,0,1,Noonan syndrome,0,1.0,64
1.0,1,Noonan,Noonan syndrome,1,10,Noonan,0,Correct,High_Acc,2.0,1.0,3,0,1,Noonan syndrome,0,1.0,65
0.0,1,Noonan,Noonan syndrome,-1,11,Noonan,0,Correct,High_Acc,0.0,0.0,3,0,1,Noonan syndrome,0,1.0,66
2.0,1,Noonan,Noonan syndrome,0,12,Noonan,0,Correct,High_Acc,2.0,2.0,3,0,1,Noonan syndrome,0,2.0,67
0.0,1,Noonan,Noonan syndrome,0,13,Noonan,0,Correct,High_Acc,2.0,0.0,3,0,1,Noonan syndrome,0,2.0,68
-1.0,1,Noonan,Noonan syndrome,0,14,Noonan,0,Correct,High_Acc,1.0,-1.0,3,0,1,Noonan syndrome,0,1.0,69
2.0,1,Noonan,Noonan syndrome,0,15,Noonan,0,Correct,High_Acc,2.0,2.0,3,0,1,Noonan syndrome,0,2.0,70
1.0,1,Noonan,Noonan syndrome,0,16,Noonan,0,Correct,High_Acc,2.0,1.0,3,0,1,Noonan syndrome,0,2.0,71
1.0,1,Noonan,Noonan syndrome,0,17,Noonan,0,Correct,High_Acc,2.0,1.0,3,0,1,Noonan syndrome,0,2.0,72
0.0,1,Noonan,Noonan syndrome,0,18,Noonan,0,Correct,High_Acc,2.0,0.0,3,0,1,Noonan syndrome,0,2.0,73
1.0,1,Noonan,Noonan syndrome,0,19,Noonan,0,Correct,High_Acc,1.0,1.0,3,0,1,Noonan syndrome,0,1.0,74
0.0,1,Noonan,Noonan syndrome,0,20,Noonan,0,Correct,High_Acc,2.0,0.0,3,0,1,Noonan syndrome,0,2.0,75
1.0,1,Noonan,Noonan syndrome,1,21,Noonan,0,Correct,High_Acc,2.0,1.0,3,0,1,Noonan syndrome,0,1.0,76
1.0,1,Noonan,Noonan syndrome,1,22,Noonan,0,Correct,High_Acc,1.0,1.0,3,0,1,Noonan syndrome,0,0.0,77
0.0,1,Noonan,Noonan syndrome,0,23,Noonan,0,Correct,High_Acc,2.0,0.0,3,0,1,Noonan syndrome,0,2.0,78
1.0,1,Unaffected,Unaffected,1,1,Unaffected,0,Correct,Low_Acc,2.0,1.0,4,0,1,Unaffected,0,1.0,84
2.0,0,Unaffected,Unaffected,0,2,Unaffected,1,Correct,Low_Acc,1.0,2.0,4,1,1,22q11.2 deletion syndrome,0,1.0,85
1.0,1,Unaffected,Unaffected,1,3,Unaffected,0,Correct,Low_Acc,2.0,1.0,4,0,1,Unaffected,0,1.0,86
0.0,1,Unaffected,Unaffected,0,4,Unaffected,0,Correct,Low_Acc,2.0,0.0,4,0,1,Unaffected,0,2.0,87
2.0,0,Unaffected,22q11.2 deletion syndrome,-1,5,Unaffected,0,Correct,Low_Acc,1.0,2.0,4,-1,0,22q11.2 deletion syndrome,0,2.0,88
0.0,0,Unaffected,Unaffected,0,6,Unaffected,1,Correct,Low_Acc,0.0,0.0,4,1,1,22q11.2 deletion syndrome,0,0.0,89
2.0,1,Unaffected,Unaffected,2,7,Unaffected,0,Correct,Low_Acc,2.0,2.0,4,0,1,Unaffected,0,0.0,90
0.0,1,Unaffected,Unaffected,1,8,Unaffected,0,Correct,Low_Acc,2.0,0.0,4,0,1,Unaffected,0,1.0,91
1.0,0,Unaffected,Unaffected,0,9,Unaffected,1,Correct,Low_Acc,1.0,1.0,4,1,1,22q11.2 deletion syndrome,0,1.0,92
2.0,1,Unaffected,Unaffected,1,10,Unaffected,0,Correct,Low_Acc,2.0,2.0,4,0,1,Unaffected,0,1.0,93
1.0,0,Unaffected,Unaffected,0,11,Unaffected,1,Correct,Low_Acc,1.0,1.0,4,1,1,22q11.2 deletion syndrome,0,1.0,94
1.0,0,Unaffected,Unaffected,0,12,Unaffected,1,Correct,Low_Acc,1.0,1.0,4,1,1,22q11.2 deletion syndrome,0,1.0,95
1.0,0,Unaffected,Unaffected,1,13,Unaffected,1,Correct,Low_Acc,1.0,1.0,4,1,1,Noonan syndrome,0,0.0,96
1.0,1,Unaffected,Unaffected,1,14,Unaffected,0,Correct,Low_Acc,1.0,1.0,4,0,1,Unaffected,0,0.0,97
2.0,1,Unaffected,Unaffected,2,15,Unaffected,0,Correct,Low_Acc,2.0,2.0,4,0,1,Unaffected,0,0.0,98
1.0,0,Unaffected,Unaffected,-1,16,Unaffected,1,Correct,Low_Acc,1.0,1.0,4,1,1,22q11.2 deletion syndrome,0,2.0,99
1.0,1,Unaffected,Unaffected,0,17,Unaffected,0,Correct,Low_Acc,1.0,1.0,4,0,1,Unaffected,0,1.0,100
1.0,1,Unaffected,Unaffected,1,18,Unaffected,0,Correct,Low_Acc,2.0,1.0,4,0,1,Unaffected,0,1.0,101
1.0,1,Unaffected,Unaffected,0,19,Unaffected,0,Correct,Low_Acc,0.0,1.0,4,0,1,Unaffected,0,0.0,102
0.0,0,Unaffected,Kabuki syndrome,-1,20,Unaffected,0,Correct,Low_Acc,0.0,0.0,4,-1,0,Kabuki syndrome,0,1.0,103
1.0,1,Unaffected,Unaffected,1,21,Unaffected,0,Correct,Low_Acc,2.0,1.0,4,0,1,Unaffected,0,1.0,104
1.0,1,Unaffected,Unaffected,1,22,Unaffected,0,Correct,Low_Acc,1.0,1.0,4,0,1,Unaffected,0,0.0,105
2.0,0,Unaffected,Unaffected,-2,23,Unaffected,1,Correct,Low_Acc,0.0,2.0,4,1,1,Williams syndrome,0,2.0,106
2.0,1,Unaffected,Angelman syndrome,1,1,Angelman,-1,Incorrect,Low_Acc,2.0,2.0,5,1,0,Unaffected,0,1.0,112
-2.0,1,Unaffected,Unaffected,0,2,Angelman,0,Incorrect,Low_Acc,1.0,-2.0,5,-1,1,Unaffected,0,1.0,113
-1.0,1,Unaffected,Unaffected,0,3,Angelman,0,Incorrect,Low_Acc,1.0,-1.0,5,-1,1,Unaffected,0,1.0,114
0.0,1,Unaffected,Unaffected,-1,4,Angelman,0,Incorrect,Low_Acc,1.0,0.0,5,-1,1,Unaffected,0,2.0,115
1.0,1,Unaffected,Unaffected,-1,5,Angelman,0,Incorrect,Low_Acc,1.0,1.0,5,-1,1,Unaffected,0,2.0,116
0.0,1,Unaffected,Unaffected,-2,6,Angelman,0,Incorrect,Low_Acc,0.0,0.0,5,-1,1,Unaffected,0,2.0,117
2.0,0,Unaffected,Angelman syndrome,1,7,Angelman,0,Incorrect,Low_Acc,1.0,2.0,5,0,0,Angelman syndrome,0,0.0,118
0.0,1,Unaffected,Unaffected,-1,8,Angelman,0,Incorrect,Low_Acc,0.0,0.0,5,-1,1,Unaffected,0,1.0,119
0.0,0,Unaffected,Williams syndrome,-2,9,Angelman,0,Incorrect,Low_Acc,-1.0,0.0,5,-1,0,Williams syndrome,0,1.0,120
-1.0,1,Unaffected,Angelman syndrome,-3,10,Angelman,-1,Incorrect,Low_Acc,-1.0,-1.0,5,1,0,Unaffected,0,2.0,121
0.0,1,Unaffected,Angelman syndrome,0,11,Angelman,-1,Incorrect,Low_Acc,0.0,0.0,5,1,0,Unaffected,0,0.0,122
1.0,1,Unaffected,Angelman syndrome,-1,12,Angelman,-1,Incorrect,Low_Acc,0.0,1.0,5,1,0,Unaffected,0,1.0,123
-1.0,1,Unaffected,Unaffected,0,13,Angelman,0,Incorrect,Low_Acc,1.0,-1.0,5,-1,1,Unaffected,0,1.0,124
1.0,0,Unaffected,Angelman syndrome,3,14,Angelman,0,Incorrect,Low_Acc,1.0,1.0,5,0,0,Angelman syndrome,0,-2.0,125
0.0,1,Unaffected,Unaffected,0,15,Angelman,0,Incorrect,Low_Acc,0.0,0.0,5,-1,1,Unaffected,0,0.0,126
-2.0,1,Unaffected,Unaffected,1,16,Angelman,0,Incorrect,Low_Acc,2.0,-2.0,5,-1,1,Unaffected,0,1.0,127
0.0,0,Unaffected,Angelman syndrome,-1,17,Angelman,0,Incorrect,Low_Acc,0.0,0.0,5,1,0,Williams syndrome,0,1.0,128
1.0,1,Unaffected,Angelman syndrome,1,18,Angelman,-1,Incorrect,Low_Acc,1.0,1.0,5,1,0,Unaffected,0,0.0,129
-1.0,1,Unaffected,Unaffected,0,19,Angelman,0,Incorrect,Low_Acc,1.0,-1.0,5,-1,1,Unaffected,0,1.0,130
0.0,1,Unaffected,Unaffected,0,20,Angelman,0,Incorrect,Low_Acc,0.0,0.0,5,-1,1,Unaffected,0,0.0,131
-2.0,1,Unaffected,Unaffected,0,21,Angelman,0,Incorrect,Low_Acc,1.0,-2.0,5,-1,1,Unaffected,0,1.0,132
0.0,0,Unaffected,Williams syndrome,0,22,Angelman,0,Incorrect,Low_Acc,0.0,0.0,5,-1,0,Williams syndrome,0,0.0,133
0.0,1,Unaffected,Unaffected,-2,23,Angelman,0,Incorrect,Low_Acc,0.0,0.0,5,-1,1,Unaffected,0,2.0,134
0.0,1,Kabuki,Kabuki syndrome,0,1,Kabuki,0,Correct,High_Acc,2.0,0.0,6,0,1,Kabuki syndrome,0,2.0,140
2.0,1,Kabuki,Kabuki syndrome,1,2,Kabuki,0,Correct,High_Acc,2.0,2.0,6,0,1,Kabuki syndrome,0,1.0,141
1.0,0,Kabuki,Kabuki syndrome,2,3,Kabuki,1,Correct,High_Acc,1.0,1.0,6,1,1,Noonan syndrome,0,-1.0,142
0.0,1,Kabuki,Kabuki syndrome,0,4,Kabuki,0,Correct,High_Acc,1.0,0.0,6,0,1,Kabuki syndrome,0,1.0,143
1.0,1,Kabuki,Kabuki syndrome,0,5,Kabuki,0,Correct,High_Acc,1.0,1.0,6,0,1,Kabuki syndrome,0,1.0,144
2.0,1,Kabuki,Kabuki syndrome,0,6,Kabuki,0,Correct,High_Acc,2.0,2.0,6,0,1,Kabuki syndrome,0,2.0,145
1.0,1,Kabuki,Kabuki syndrome,1,7,Kabuki,0,Correct,High_Acc,2.0,1.0,6,0,1,Kabuki syndrome,0,1.0,146
0.0,0,Kabuki,Noonan syndrome,0,8,Kabuki,0,Correct,High_Acc,0.0,0.0,6,-1,0,Noonan syndrome,0,0.0,147
2.0,0,Kabuki,Kabuki syndrome,0,9,Kabuki,1,Correct,High_Acc,1.0,2.0,6,1,1,22q11.2 deletion syndrome,0,1.0,148
2.0,1,Kabuki,Kabuki syndrome,0,10,Kabuki,0,Correct,High_Acc,2.0,2.0,6,0,1,Kabuki syndrome,0,2.0,149
0.0,1,Kabuki,Kabuki syndrome,0,11,Kabuki,0,Correct,High_Acc,0.0,0.0,6,0,1,Kabuki syndrome,0,0.0,150
2.0,1,Kabuki,Kabuki syndrome,0,12,Kabuki,0,Correct,High_Acc,2.0,2.0,6,0,1,Kabuki syndrome,0,2.0,151
0.0,1,Kabuki,Kabuki syndrome,0,13,Kabuki,0,Correct,High_Acc,2.0,0.0,6,0,1,Kabuki syndrome,0,2.0,152
2.0,0,Kabuki,Kabuki syndrome,1,14,Kabuki,1,Correct,High_Acc,1.0,2.0,6,1,1,Williams syndrome,0,0.0,153
2.0,1,Kabuki,Kabuki syndrome,0,15,Kabuki,0,Correct,High_Acc,2.0,2.0,6,0,1,Kabuki syndrome,0,2.0,154
2.0,0,Kabuki,Kabuki syndrome,0,16,Kabuki,1,Correct,High_Acc,2.0,2.0,6,1,1,22q11.2 deletion syndrome,0,2.0,155
1.0,1,Kabuki,Kabuki syndrome,0,17,Kabuki,0,Correct,High_Acc,2.0,1.0,6,0,1,Kabuki syndrome,0,2.0,156
0.0,1,Kabuki,Kabuki syndrome,0,18,Kabuki,0,Correct,High_Acc,2.0,0.0,6,0,1,Kabuki syndrome,0,2.0,157
1.0,0,Kabuki,Kabuki syndrome,1,19,Kabuki,1,Correct,High_Acc,1.0,1.0,6,1,1,22q11.2 deletion syndrome,0,0.0,158
0.0,1,Kabuki,Kabuki syndrome,0,20,Kabuki,0,Correct,High_Acc,2.0,0.0,6,0,1,Kabuki syndrome,0,2.0,159
0.0,1,Kabuki,Kabuki syndrome,1,21,Kabuki,0,Correct,High_Acc,2.0,0.0,6,0,1,Kabuki syndrome,0,1.0,160
1.0,0,Kabuki,Kabuki syndrome,0,22,Kabuki,1,Correct,High_Acc,0.0,1.0,6,1,1,22q11.2 deletion syndrome,0,0.0,161
2.0,0,Kabuki,Kabuki syndrome,2,23,Kabuki,1,Correct,High_Acc,2.0,2.0,6,1,1,Noonan syndrome,0,0.0,162
0.0,1,Williams,Williams syndrome,0,1,Williams,0,Correct,High_Acc,2.0,0.0,7,0,1,Williams syndrome,0,2.0,168
-2.0,1,Williams,Williams syndrome,0,2,Williams,0,Correct,High_Acc,2.0,-2.0,7,0,1,Williams syndrome,0,2.0,169
1.0,1,Williams,Williams syndrome,0,3,Williams,0,Correct,High_Acc,0.0,1.0,7,0,1,Williams syndrome,0,0.0,170
0.0,1,Williams,Williams syndrome,0,4,Williams,0,Correct,High_Acc,2.0,0.0,7,0,1,Williams syndrome,0,2.0,171
1.0,1,Williams,Williams syndrome,0,5,Williams,0,Correct,High_Acc,2.0,1.0,7,0,1,Williams syndrome,0,2.0,172
2.0,1,Williams,Williams syndrome,0,6,Williams,0,Correct,High_Acc,2.0,2.0,7,0,1,Williams syndrome,0,2.0,173
-1.0,1,Williams,Williams syndrome,0,7,Williams,0,Correct,High_Acc,2.0,-1.0,7,0,1,Williams syndrome,0,2.0,174
0.0,0,Williams,Williams syndrome,-1,8,Williams,1,Correct,High_Acc,-1.0,0.0,7,1,1,Kabuki syndrome,0,0.0,175
1.0,1,Williams,Williams syndrome,1,9,Williams,0,Correct,High_Acc,2.0,1.0,7,0,1,Williams syndrome,0,1.0,176
0.0,0,Williams,Williams syndrome,0,10,Williams,1,Correct,High_Acc,0.0,0.0,7,1,1,Noonan syndrome,0,0.0,177
1.0,1,Williams,Williams syndrome,1,11,Williams,0,Correct,High_Acc,1.0,1.0,7,0,1,Williams syndrome,0,0.0,178
2.0,1,Williams,Williams syndrome,1,12,Williams,0,Correct,High_Acc,2.0,2.0,7,0,1,Williams syndrome,0,1.0,179
0.0,1,Williams,Williams syndrome,0,13,Williams,0,Correct,High_Acc,2.0,0.0,7,0,1,Williams syndrome,0,2.0,180
0.0,1,Williams,Williams syndrome,0,14,Williams,0,Correct,High_Acc,1.0,0.0,7,0,1,Williams syndrome,0,1.0,181
2.0,1,Williams,Williams syndrome,0,15,Williams,0,Correct,High_Acc,2.0,2.0,7,0,1,Williams syndrome,0,2.0,182
2.0,1,Williams,Williams syndrome,0,16,Williams,0,Correct,High_Acc,2.0,2.0,7,0,1,Williams syndrome,0,2.0,183
1.0,1,Williams,Williams syndrome,0,17,Williams,0,Correct,High_Acc,1.0,1.0,7,0,1,Williams syndrome,0,1.0,184
1.0,1,Williams,Williams syndrome,1,18,Williams,0,Correct,High_Acc,1.0,1.0,7,0,1,Williams syndrome,0,0.0,185
1.0,0,Williams,Williams syndrome,1,19,Williams,1,Correct,High_Acc,1.0,1.0,7,1,1,Kabuki syndrome,0,0.0,186
0.0,1,Williams,Williams syndrome,0,20,Williams,0,Correct,High_Acc,2.0,0.0,7,0,1,Williams syndrome,0,2.0,187
0.0,0,Williams,Williams syndrome,0,21,Williams,1,Correct,High_Acc,0.0,0.0,7,1,1,22q11.2 deletion syndrome,0,0.0,188
1.0,1,Williams,Williams syndrome,1,22,Williams,0,Correct,High_Acc,1.0,1.0,7,0,1,Williams syndrome,0,0.0,189
0.0,1,Williams,Williams syndrome,0,23,Williams,0,Correct,High_Acc,2.0,0.0,7,0,1,Williams syndrome,0,2.0,190
2.0,0,22q,Kabuki syndrome,3,1,Kabuki,0,Incorrect,Low_Acc,2.0,2.0,8,1,0,Noonan syndrome,0,-1.0,196
-1.0,0,22q,Noonan syndrome,0,2,Kabuki,0,Incorrect,Low_Acc,1.0,-1.0,8,-1,0,Noonan syndrome,0,1.0,197
-2.0,0,22q,Angelman syndrome,1,3,Kabuki,0,Incorrect,Low_Acc,-1.0,-2.0,8,-1,0,Angelman syndrome,0,-2.0,198
0.0,0,22q,Noonan syndrome,-1,4,Kabuki,0,Incorrect,Low_Acc,1.0,0.0,8,-1,0,Noonan syndrome,0,2.0,199
-1.0,0,22q,Noonan syndrome,0,5,Kabuki,0,Incorrect,Low_Acc,2.0,-1.0,8,-1,0,Noonan syndrome,0,2.0,200
0.0,0,22q,Noonan syndrome,-2,6,Kabuki,0,Incorrect,Low_Acc,0.0,0.0,8,-1,0,Noonan syndrome,0,2.0,201
2.0,1,22q,Kabuki syndrome,1,7,Kabuki,-1,Incorrect,Low_Acc,1.0,2.0,8,1,0,22q11.2 deletion syndrome,0,0.0,202
1.0,0,22q,Kabuki syndrome,0,8,Kabuki,0,Incorrect,Low_Acc,0.0,1.0,8,1,0,Angelman syndrome,0,0.0,203
1.0,0,22q,Kabuki syndrome,1,9,Kabuki,0,Incorrect,Low_Acc,1.0,1.0,8,1,0,Noonan syndrome,0,0.0,204
0.0,0,22q,Unaffected,0,10,Kabuki,0,Incorrect,Low_Acc,0.0,0.0,8,-1,0,Unaffected,0,0.0,205
0.0,1,22q,Kabuki syndrome,0,11,Kabuki,-1,Incorrect,Low_Acc,0.0,0.0,8,1,0,22q11.2 deletion syndrome,0,0.0,206
1.0,1,22q,Kabuki syndrome,0,12,Kabuki,-1,Incorrect,Low_Acc,1.0,1.0,8,1,0,22q11.2 deletion syndrome,0,1.0,207
0.0,1,22q,Kabuki syndrome,0,13,Kabuki,-1,Incorrect,Low_Acc,0.0,0.0,8,1,0,22q11.2 deletion syndrome,0,0.0,208
-2.0,0,22q,Noonan syndrome,0,14,Kabuki,0,Incorrect,Low_Acc,-1.0,-2.0,8,-1,0,Noonan syndrome,0,-1.0,209
0.0,0,22q,Kabuki syndrome,-1,15,Kabuki,0,Incorrect,Low_Acc,0.0,0.0,8,1,0,Williams syndrome,0,1.0,210
-1.0,0,22q,Noonan syndrome,0,16,Kabuki,0,Incorrect,Low_Acc,1.0,-1.0,8,-1,0,Noonan syndrome,0,1.0,211
-1.0,0,22q,Kabuki syndrome,-1,17,Kabuki,0,Incorrect,Low_Acc,0.0,-1.0,8,1,0,Noonan syndrome,0,1.0,212
0.0,0,22q,Kabuki syndrome,-1,18,Kabuki,0,Incorrect,Low_Acc,0.0,0.0,8,1,0,Noonan syndrome,0,1.0,213
-1.0,0,22q,Noonan syndrome,0,19,Kabuki,0,Incorrect,Low_Acc,1.0,-1.0,8,-1,0,Noonan syndrome,0,1.0,214
0.0,0,22q,Noonan syndrome,0,20,Kabuki,0,Incorrect,Low_Acc,0.0,0.0,8,-1,0,Noonan syndrome,0,0.0,215
-1.0,1,22q,22q11.2 deletion syndrome,1,21,Kabuki,0,Incorrect,Low_Acc,1.0,-1.0,8,-1,1,22q11.2 deletion syndrome,0,0.0,216
0.0,0,22q,Noonan syndrome,0,22,Kabuki,0,Incorrect,Low_Acc,0.0,0.0,8,-1,0,Noonan syndrome,0,0.0,217
0.0,0,22q,Kabuki syndrome,0,23,Kabuki,0,Incorrect,Low_Acc,2.0,0.0,8,1,0,Angelman syndrome,0,2.0,218
2.0,1,Noonan,22q11.2 deletion syndrome,3,1,Williams,-1,Incorrect,Low_Acc,2.0,2.0,9,-1,0,Noonan syndrome,0,-1.0,224
0.0,0,Noonan,Kabuki syndrome,-1,2,Williams,0,Incorrect,Low_Acc,0.0,0.0,9,-1,0,Kabuki syndrome,0,1.0,225
0.0,1,Noonan,Noonan syndrome,-3,3,Williams,0,Incorrect,Low_Acc,-2.0,0.0,9,-1,1,Noonan syndrome,0,1.0,226
0.0,0,Noonan,22q11.2 deletion syndrome,0,4,Williams,0,Incorrect,Low_Acc,2.0,0.0,9,-1,0,22q11.2 deletion syndrome,0,2.0,227
0.0,0,Noonan,22q11.2 deletion syndrome,0,5,Williams,0,Incorrect,Low_Acc,1.0,0.0,9,-1,0,Unaffected,0,1.0,228
2.0,0,Noonan,Williams syndrome,0,6,Williams,0,Incorrect,Low_Acc,2.0,2.0,9,0,0,Williams syndrome,0,2.0,229
2.0,1,Noonan,22q11.2 deletion syndrome,2,7,Williams,-1,Incorrect,Low_Acc,2.0,2.0,9,-1,0,Noonan syndrome,0,0.0,230
-1.0,1,Noonan,Noonan syndrome,0,8,Williams,0,Incorrect,Low_Acc,0.0,-1.0,9,-1,1,Noonan syndrome,0,0.0,231
1.0,0,Noonan,22q11.2 deletion syndrome,1,9,Williams,0,Incorrect,Low_Acc,1.0,1.0,9,-1,0,22q11.2 deletion syndrome,0,0.0,232
0.0,0,Noonan,22q11.2 deletion syndrome,2,10,Williams,0,Incorrect,Low_Acc,0.0,0.0,9,-1,0,Williams syndrome,0,-2.0,233
0.0,0,Noonan,22q11.2 deletion syndrome,0,11,Williams,0,Incorrect,Low_Acc,0.0,0.0,9,-1,0,22q11.2 deletion syndrome,0,0.0,234
1.0,0,Noonan,22q11.2 deletion syndrome,1,12,Williams,0,Incorrect,Low_Acc,1.0,1.0,9,-1,0,Kabuki syndrome,0,0.0,235
1.0,0,Noonan,22q11.2 deletion syndrome,1,13,Williams,0,Incorrect,Low_Acc,1.0,1.0,9,-1,0,22q11.2 deletion syndrome,0,0.0,236
-2.0,1,Noonan,Noonan syndrome,-1,14,Williams,0,Incorrect,Low_Acc,0.0,-2.0,9,-1,1,Noonan syndrome,0,1.0,237
1.0,1,Noonan,22q11.2 deletion syndrome,1,15,Williams,-1,Incorrect,Low_Acc,1.0,1.0,9,-1,0,Noonan syndrome,0,0.0,238
1.0,0,Noonan,22q11.2 deletion syndrome,0,16,Williams,0,Incorrect,Low_Acc,1.0,1.0,9,-1,0,22q11.2 deletion syndrome,0,1.0,239
-1.0,1,Noonan,22q11.2 deletion syndrome,-1,17,Williams,-1,Incorrect,Low_Acc,0.0,-1.0,9,-1,0,Noonan syndrome,0,1.0,240
1.0,0,Noonan,22q11.2 deletion syndrome,0,18,Williams,0,Incorrect,Low_Acc,1.0,1.0,9,-1,0,22q11.2 deletion syndrome,0,1.0,241
0.0,0,Noonan,Angelman syndrome,-2,19,Williams,0,Incorrect,Low_Acc,-1.0,0.0,9,-1,0,Angelman syndrome,0,1.0,242
-1.0,1,Noonan,Noonan syndrome,-1,20,Williams,0,Incorrect,Low_Acc,1.0,-1.0,9,-1,1,Noonan syndrome,0,2.0,243
-1.0,1,Noonan,Noonan syndrome,0,21,Williams,0,Incorrect,Low_Acc,0.0,-1.0,9,-1,1,Noonan syndrome,0,0.0,244
0.0,0,Noonan,22q11.2 deletion syndrome,-2,22,Williams,0,Incorrect,Low_Acc,-2.0,0.0,9,-1,0,Williams syndrome,0,0.0,245
0.0,1,Noonan,22q11.2 deletion syndrome,0,23,Williams,-1,Incorrect,Low_Acc,2.0,0.0,9,-1,0,Noonan syndrome,0,2.0,246
0.0,1,22q,22q11.2 deletion syndrome,0,1,22q,0,Correct,High_Acc,2.0,0.0,10,0,1,22q11.2 deletion syndrome,0,2.0,252
-2.0,1,22q,22q11.2 deletion syndrome,0,2,22q,0,Correct,High_Acc,2.0,-2.0,10,0,1,22q11.2 deletion syndrome,0,2.0,253
1.0,1,22q,22q11.2 deletion syndrome,2,3,22q,0,Correct,High_Acc,2.0,1.0,10,0,1,22q11.2 deletion syndrome,0,0.0,254
2.0,1,22q,22q11.2 deletion syndrome,0,6,22q,0,Correct,High_Acc,2.0,2.0,10,0,1,22q11.2 deletion syndrome,0,2.0,257
0.0,0,22q,Kabuki syndrome,0,7,22q,0,Correct,High_Acc,0.0,0.0,10,-1,0,Kabuki syndrome,0,0.0,258
-2.0,1,22q,22q11.2 deletion syndrome,0,8,22q,0,Correct,High_Acc,2.0,-2.0,10,0,1,22q11.2 deletion syndrome,0,2.0,259
1.0,1,22q,22q11.2 deletion syndrome,1,9,22q,0,Correct,High_Acc,1.0,1.0,10,0,1,22q11.2 deletion syndrome,0,0.0,260
2.0,1,22q,22q11.2 deletion syndrome,0,10,22q,0,Correct,High_Acc,2.0,2.0,10,0,1,22q11.2 deletion syndrome,0,2.0,261
1.0,1,22q,22q11.2 deletion syndrome,0,11,22q,0,Correct,High_Acc,0.0,1.0,10,0,1,22q11.2 deletion syndrome,0,0.0,262
2.0,0,22q,22q11.2 deletion syndrome,1,12,22q,1,Correct,High_Acc,2.0,2.0,10,1,1,Angelman syndrome,0,1.0,263
1.0,1,22q,22q11.2 deletion syndrome,0,13,22q,0,Correct,High_Acc,1.0,1.0,10,0,1,22q11.2 deletion syndrome,0,1.0,264
2.0,1,22q,22q11.2 deletion syndrome,1,14,22q,0,Correct,High_Acc,0.0,2.0,10,0,1,22q11.2 deletion syndrome,0,-1.0,265
2.0,1,22q,22q11.2 deletion syndrome,0,15,22q,0,Correct,High_Acc,2.0,2.0,10,0,1,22q11.2 deletion syndrome,0,2.0,266
1.0,0,22q,22q11.2 deletion syndrome,0,16,22q,1,Correct,High_Acc,1.0,1.0,10,1,1,Angelman syndrome,0,1.0,267
1.0,1,22q,22q11.2 deletion syndrome,0,17,22q,0,Correct,High_Acc,2.0,1.0,10,0,1,22q11.2 deletion syndrome,0,2.0,268
0.0,1,22q,22q11.2 deletion syndrome,0,18,22q,0,Correct,High_Acc,2.0,0.0,10,0,1,22q11.2 deletion syndrome,0,2.0,269
-1.0,0,22q,Angelman syndrome,-2,19,22q,0,Correct,High_Acc,-1.0,-1.0,10,-1,0,Angelman syndrome,0,1.0,270
0.0,1,22q,22q11.2 deletion syndrome,0,20,22q,0,Correct,High_Acc,2.0,0.0,10,0,1,22q11.2 deletion syndrome,0,2.0,271
1.0,1,22q,22q11.2 deletion syndrome,1,21,22q,0,Correct,High_Acc,2.0,1.0,10,0,1,22q11.2 deletion syndrome,0,1.0,272
0.0,0,22q,Kabuki syndrome,0,22,22q,0,Correct,High_Acc,0.0,0.0,10,-1,0,Kabuki syndrome,0,0.0,273
0.0,0,22q,22q11.2 deletion syndrome,-2,23,22q,1,Correct,High_Acc,0.0,0.0,10,1,1,Williams syndrome,0,2.0,274
0.0,1,Williams,Williams syndrome,0,1,Williams,0,Correct,High_Acc,2.0,0.0,11,0,1,Williams syndrome,0,2.0,280
-2.0,1,Williams,Williams syndrome,0,2,Williams,0,Correct,High_Acc,2.0,-2.0,11,0,1,Williams syndrome,0,2.0,281
1.0,1,Williams,Williams syndrome,0,3,Williams,0,Correct,High_Acc,1.0,1.0,11,0,1,Williams syndrome,0,1.0,282
1.0,0,Williams,Williams syndrome,-1,6,Williams,1,Correct,High_Acc,1.0,1.0,11,1,1,Noonan syndrome,0,2.0,285
0.0,1,Williams,Williams syndrome,-2,7,Williams,0,Correct,High_Acc,0.0,0.0,11,0,1,Williams syndrome,0,2.0,286
-2.0,1,Williams,Williams syndrome,0,8,Williams,0,Correct,High_Acc,2.0,-2.0,11,0,1,Williams syndrome,0,2.0,287
-2.0,1,Williams,Williams syndrome,0,9,Williams,0,Correct,High_Acc,2.0,-2.0,11,0,1,Williams syndrome,0,2.0,288
2.0,1,Williams,Williams syndrome,0,10,Williams,0,Correct,High_Acc,2.0,2.0,11,0,1,Williams syndrome,0,2.0,289
0.0,1,Williams,Williams syndrome,0,11,Williams,0,Correct,High_Acc,0.0,0.0,11,0,1,Williams syndrome,0,0.0,290
2.0,1,Williams,Williams syndrome,0,12,Williams,0,Correct,High_Acc,2.0,2.0,11,0,1,Williams syndrome,0,2.0,291
2.0,0,Williams,Williams syndrome,0,13,Williams,1,Correct,High_Acc,1.0,2.0,11,1,1,Noonan syndrome,0,1.0,292
-1.0,1,Williams,Williams syndrome,0,14,Williams,0,Correct,High_Acc,2.0,-1.0,11,0,1,Williams syndrome,0,2.0,293
2.0,1,Williams,Williams syndrome,0,15,Williams,0,Correct,High_Acc,2.0,2.0,11,0,1,Williams syndrome,0,2.0,294
2.0,1,Williams,Williams syndrome,0,16,Williams,0,Correct,High_Acc,2.0,2.0,11,0,1,Williams syndrome,0,2.0,295
1.0,1,Williams,Williams syndrome,0,17,Williams,0,Correct,High_Acc,2.0,1.0,11,0,1,Williams syndrome,0,2.0,296
0.0,1,Williams,Williams syndrome,0,18,Williams,0,Correct,High_Acc,2.0,0.0,11,0,1,Williams syndrome,0,2.0,297
1.0,1,Williams,Williams syndrome,0,19,Williams,0,Correct,High_Acc,2.0,1.0,11,0,1,Williams syndrome,0,2.0,298
0.0,1,Williams,Williams syndrome,0,20,Williams,0,Correct,High_Acc,2.0,0.0,11,0,1,Williams syndrome,0,2.0,299
1.0,1,Williams,Williams syndrome,1,21,Williams,0,Correct,High_Acc,2.0,1.0,11,0,1,Williams syndrome,0,1.0,300
0.0,0,Williams,Williams syndrome,2,22,Williams,1,Correct,High_Acc,0.0,0.0,11,1,1,22q11.2 deletion syndrome,0,-2.0,301
0.0,1,Williams,Williams syndrome,0,23,Williams,0,Correct,High_Acc,2.0,0.0,11,0,1,Williams syndrome,0,2.0,302
2.0,0,Unaffected,Unaffected,2,1,Unaffected,1,Correct,High_Acc,2.0,2.0,12,1,1,Angelman syndrome,0,0.0,308
1.0,1,Unaffected,Unaffected,1,2,Unaffected,0,Correct,High_Acc,2.0,1.0,12,0,1,Unaffected,0,1.0,309
1.0,1,Unaffected,Unaffected,2,3,Unaffected,0,Correct,High_Acc,2.0,1.0,12,0,1,Unaffected,0,0.0,310
2.0,1,Unaffected,Unaffected,0,6,Unaffected,0,Correct,High_Acc,2.0,2.0,12,0,1,Unaffected,0,2.0,313
2.0,1,Unaffected,Unaffected,1,7,Unaffected,0,Correct,High_Acc,1.0,2.0,12,0,1,Unaffected,0,0.0,314
1.0,0,Unaffected,Unaffected,1,8,Unaffected,1,Correct,High_Acc,0.0,1.0,12,1,1,Angelman syndrome,0,-1.0,315
1.0,1,Unaffected,Unaffected,1,9,Unaffected,0,Correct,High_Acc,2.0,1.0,12,0,1,Unaffected,0,1.0,316
1.0,1,Unaffected,Unaffected,1,10,Unaffected,0,Correct,High_Acc,2.0,1.0,12,0,1,Unaffected,0,1.0,317
0.0,1,Unaffected,Unaffected,0,11,Unaffected,0,Correct,High_Acc,0.0,0.0,12,0,1,Unaffected,0,0.0,318
1.0,0,Unaffected,22q11.2 deletion syndrome,-1,12,Unaffected,0,Correct,High_Acc,0.0,1.0,12,-1,0,22q11.2 deletion syndrome,0,1.0,319
1.0,1,Unaffected,Unaffected,1,13,Unaffected,0,Correct,High_Acc,2.0,1.0,12,0,1,Unaffected,0,1.0,320
0.0,1,Unaffected,Unaffected,1,14,Unaffected,0,Correct,High_Acc,2.0,0.0,12,0,1,Unaffected,0,1.0,321
2.0,1,Unaffected,Unaffected,1,15,Unaffected,0,Correct,High_Acc,2.0,2.0,12,0,1,Unaffected,0,1.0,322
2.0,1,Unaffected,Unaffected,1,16,Unaffected,0,Correct,High_Acc,2.0,2.0,12,0,1,Unaffected,0,1.0,323
1.0,1,Unaffected,Unaffected,0,17,Unaffected,0,Correct,High_Acc,1.0,1.0,12,0,1,Unaffected,0,1.0,324
1.0,1,Unaffected,Unaffected,1,18,Unaffected,0,Correct,High_Acc,1.0,1.0,12,0,1,Unaffected,0,0.0,325
1.0,1,Unaffected,Unaffected,0,19,Unaffected,0,Correct,High_Acc,1.0,1.0,12,0,1,Unaffected,0,1.0,326
0.0,1,Unaffected,Unaffected,1,20,Unaffected,0,Correct,High_Acc,1.0,0.0,12,0,1,Unaffected,0,0.0,327
1.0,1,Unaffected,Unaffected,2,21,Unaffected,0,Correct,High_Acc,2.0,1.0,12,0,1,Unaffected,0,0.0,328
0.0,0,Unaffected,Unaffected,0,22,Unaffected,1,Correct,High_Acc,0.0,0.0,12,1,1,22q11.2 deletion syndrome,0,0.0,329
0.0,1,Unaffected,Unaffected,0,23,Unaffected,0,Correct,High_Acc,2.0,0.0,12,0,1,Unaffected,0,2.0,330
2.0,0,22q,22q11.2 deletion syndrome,2,1,22q,1,Correct,Low_Acc,2.0,2.0,13,1,1,Unaffected,0,0.0,336
1.0,0,22q,22q11.2 deletion syndrome,0,2,22q,1,Correct,Low_Acc,1.0,1.0,13,1,1,Unaffected,0,1.0,337
-1.0,0,22q,Unaffected,0,3,22q,0,Correct,Low_Acc,1.0,-1.0,13,-1,0,Unaffected,0,1.0,338
2.0,0,22q,Unaffected,0,6,22q,0,Correct,Low_Acc,2.0,2.0,13,-1,0,Unaffected,0,2.0,341
2.0,1,22q,22q11.2 deletion syndrome,2,7,22q,0,Correct,Low_Acc,2.0,2.0,13,0,1,22q11.2 deletion syndrome,0,0.0,342
1.0,1,22q,22q11.2 deletion syndrome,0,8,22q,0,Correct,Low_Acc,0.0,1.0,13,0,1,22q11.2 deletion syndrome,0,0.0,343
0.0,0,22q,Unaffected,-1,9,22q,0,Correct,Low_Acc,0.0,0.0,13,-1,0,Unaffected,0,1.0,344
1.0,0,22q,22q11.2 deletion syndrome,0,10,22q,1,Correct,Low_Acc,0.0,1.0,13,1,1,Unaffected,0,0.0,345
0.0,0,22q,22q11.2 deletion syndrome,0,11,22q,1,Correct,Low_Acc,0.0,0.0,13,1,1,Unaffected,0,0.0,346
1.0,0,22q,22q11.2 deletion syndrome,1,12,22q,1,Correct,Low_Acc,1.0,1.0,13,1,1,Unaffected,0,0.0,347
1.0,1,22q,22q11.2 deletion syndrome,0,13,22q,0,Correct,Low_Acc,1.0,1.0,13,0,1,22q11.2 deletion syndrome,0,1.0,348
-2.0,0,22q,Unaffected,0,14,22q,0,Correct,Low_Acc,-1.0,-2.0,13,-1,0,Unaffected,0,-1.0,349
1.0,0,22q,22q11.2 deletion syndrome,1,15,22q,1,Correct,Low_Acc,1.0,1.0,13,1,1,Unaffected,0,0.0,350
2.0,1,22q,22q11.2 deletion syndrome,1,16,22q,0,Correct,Low_Acc,2.0,2.0,13,0,1,22q11.2 deletion syndrome,0,1.0,351
1.0,0,22q,22q11.2 deletion syndrome,0,17,22q,1,Correct,Low_Acc,0.0,1.0,13,1,1,Unaffected,0,0.0,352
1.0,0,22q,22q11.2 deletion syndrome,0,18,22q,1,Correct,Low_Acc,0.0,1.0,13,1,1,Kabuki syndrome,0,0.0,353
1.0,1,22q,22q11.2 deletion syndrome,1,19,22q,0,Correct,Low_Acc,0.0,1.0,13,0,1,22q11.2 deletion syndrome,0,-1.0,354
1.0,1,22q,22q11.2 deletion syndrome,0,20,22q,0,Correct,Low_Acc,1.0,1.0,13,0,1,22q11.2 deletion syndrome,0,1.0,355
0.0,0,22q,Unaffected,0,21,22q,0,Correct,Low_Acc,0.0,0.0,13,-1,0,Unaffected,0,0.0,356
0.0,0,22q,Unaffected,0,22,22q,0,Correct,Low_Acc,0.0,0.0,13,-1,0,Unaffected,0,0.0,357
2.0,0,22q,22q11.2 deletion syndrome,0,23,22q,1,Correct,Low_Acc,2.0,2.0,13,1,1,Williams syndrome,0,2.0,358
2.0,1,Kabuki,22q11.2 deletion syndrome,1,1,22q,-1,Incorrect,Low_Acc,2.0,2.0,14,1,0,Kabuki syndrome,0,1.0,364
1.0,0,Kabuki,22q11.2 deletion syndrome,1,2,22q,0,Incorrect,Low_Acc,2.0,1.0,14,0,0,22q11.2 deletion syndrome,0,1.0,365
1.0,0,Kabuki,22q11.2 deletion syndrome,0,3,22q,0,Incorrect,Low_Acc,1.0,1.0,14,0,0,22q11.2 deletion syndrome,0,1.0,366
2.0,0,Kabuki,22q11.2 deletion syndrome,0,6,22q,0,Incorrect,Low_Acc,2.0,2.0,14,0,0,22q11.2 deletion syndrome,0,2.0,369
1.0,0,Kabuki,22q11.2 deletion syndrome,2,7,22q,0,Incorrect,Low_Acc,2.0,1.0,14,0,0,22q11.2 deletion syndrome,0,0.0,370
0.0,0,Kabuki,22q11.2 deletion syndrome,1,8,22q,0,Incorrect,Low_Acc,2.0,0.0,14,0,0,22q11.2 deletion syndrome,0,1.0,371
1.0,0,Kabuki,22q11.2 deletion syndrome,0,9,22q,0,Incorrect,Low_Acc,1.0,1.0,14,1,0,Noonan syndrome,0,1.0,372
2.0,0,Kabuki,22q11.2 deletion syndrome,0,10,22q,0,Incorrect,Low_Acc,2.0,2.0,14,0,0,22q11.2 deletion syndrome,0,2.0,373
1.0,1,Kabuki,Kabuki syndrome,1,11,22q,0,Incorrect,Low_Acc,1.0,1.0,14,-1,1,Kabuki syndrome,0,0.0,374
1.0,1,Kabuki,22q11.2 deletion syndrome,0,12,22q,-1,Incorrect,Low_Acc,1.0,1.0,14,1,0,Kabuki syndrome,0,1.0,375
0.0,1,Kabuki,Kabuki syndrome,0,13,22q,0,Incorrect,Low_Acc,1.0,0.0,14,-1,1,Kabuki syndrome,0,1.0,376
1.0,1,Kabuki,22q11.2 deletion syndrome,1,14,22q,-1,Incorrect,Low_Acc,-1.0,1.0,14,1,0,Kabuki syndrome,0,-2.0,377
1.0,0,Kabuki,22q11.2 deletion syndrome,0,15,22q,0,Incorrect,Low_Acc,1.0,1.0,14,1,0,Williams syndrome,0,1.0,378
-1.0,1,Kabuki,Kabuki syndrome,0,16,22q,0,Incorrect,Low_Acc,1.0,-1.0,14,-1,1,Kabuki syndrome,0,1.0,379
1.0,0,Kabuki,22q11.2 deletion syndrome,1,17,22q,0,Incorrect,Low_Acc,1.0,1.0,14,0,0,22q11.2 deletion syndrome,0,0.0,380
1.0,1,Kabuki,22q11.2 deletion syndrome,0,18,22q,-1,Incorrect,Low_Acc,1.0,1.0,14,1,0,Kabuki syndrome,0,1.0,381
-1.0,1,Kabuki,Kabuki syndrome,-2,19,22q,0,Incorrect,Low_Acc,-1.0,-1.0,14,-1,1,Kabuki syndrome,0,1.0,382
1.0,0,Kabuki,22q11.2 deletion syndrome,1,20,22q,0,Incorrect,Low_Acc,0.0,1.0,14,0,0,22q11.2 deletion syndrome,0,-1.0,383
1.0,0,Kabuki,22q11.2 deletion syndrome,0,21,22q,0,Incorrect,Low_Acc,1.0,1.0,14,0,0,22q11.2 deletion syndrome,0,1.0,384
0.0,1,Kabuki,22q11.2 deletion syndrome,0,22,22q,-1,Incorrect,Low_Acc,0.0,0.0,14,1,0,Kabuki syndrome,0,0.0,385
0.0,0,Kabuki,22q11.2 deletion syndrome,0,23,22q,0,Incorrect,Low_Acc,2.0,0.0,14,0,0,22q11.2 deletion syndrome,0,2.0,386
1.0,1,Angelman,Angelman syndrome,1,1,Angelman,0,Correct,Low_Acc,2.0,1.0,15,0,1,Angelman syndrome,0,1.0,392
2.0,1,Angelman,Angelman syndrome,1,2,Angelman,0,Correct,Low_Acc,2.0,2.0,15,0,1,Angelman syndrome,0,1.0,393
1.0,1,Angelman,Angelman syndrome,1,3,Angelman,0,Correct,Low_Acc,0.0,1.0,15,0,1,Angelman syndrome,0,-1.0,394
2.0,0,Angelman,Unaffected,0,6,Angelman,0,Correct,Low_Acc,2.0,2.0,15,-1,0,Unaffected,0,2.0,397
2.0,1,Angelman,Angelman syndrome,2,7,Angelman,0,Correct,Low_Acc,2.0,2.0,15,0,1,Angelman syndrome,0,0.0,398
1.0,0,Angelman,Angelman syndrome,1,8,Angelman,1,Correct,Low_Acc,0.0,1.0,15,1,1,Kabuki syndrome,0,-1.0,399
1.0,1,Angelman,Angelman syndrome,0,9,Angelman,0,Correct,Low_Acc,1.0,1.0,15,0,1,Angelman syndrome,0,1.0,400
2.0,1,Angelman,Angelman syndrome,0,10,Angelman,0,Correct,Low_Acc,2.0,2.0,15,0,1,Angelman syndrome,0,2.0,401
0.0,0,Angelman,Angelman syndrome,0,11,Angelman,1,Correct,Low_Acc,0.0,0.0,15,1,1,22q11.2 deletion syndrome,0,0.0,402
2.0,1,Angelman,22q11.2 deletion syndrome,0,12,Angelman,-1,Correct,Low_Acc,2.0,2.0,15,-1,0,Angelman syndrome,0,2.0,403
1.0,1,Angelman,Angelman syndrome,1,13,Angelman,0,Correct,Low_Acc,1.0,1.0,15,0,1,Angelman syndrome,0,0.0,404
-1.0,1,Angelman,Angelman syndrome,1,14,Angelman,0,Correct,Low_Acc,0.0,-1.0,15,0,1,Angelman syndrome,0,-1.0,405
1.0,1,Angelman,Angelman syndrome,0,15,Angelman,0,Correct,Low_Acc,1.0,1.0,15,0,1,Angelman syndrome,0,1.0,406
2.0,1,Angelman,Angelman syndrome,1,16,Angelman,0,Correct,Low_Acc,2.0,2.0,15,0,1,Angelman syndrome,0,1.0,407
1.0,1,Angelman,Angelman syndrome,0,17,Angelman,0,Correct,Low_Acc,0.0,1.0,15,0,1,Angelman syndrome,0,0.0,408
1.0,0,Angelman,Angelman syndrome,0,18,Angelman,1,Correct,Low_Acc,1.0,1.0,15,1,1,Williams syndrome,0,1.0,409
-1.0,0,Angelman,Williams syndrome,-2,19,Angelman,0,Correct,Low_Acc,-1.0,-1.0,15,-1,0,Williams syndrome,0,1.0,410
1.0,1,Angelman,Angelman syndrome,0,20,Angelman,0,Correct,Low_Acc,1.0,1.0,15,0,1,Angelman syndrome,0,1.0,411
1.0,0,Angelman,Angelman syndrome,1,21,Angelman,1,Correct,Low_Acc,0.0,1.0,15,1,1,Williams syndrome,0,-1.0,412
0.0,0,Angelman,Angelman syndrome,0,22,Angelman,1,Correct,Low_Acc,0.0,0.0,15,1,1,Williams syndrome,0,0.0,413
2.0,0,Angelman,Angelman syndrome,0,23,Angelman,1,Correct,Low_Acc,2.0,2.0,15,1,1,Noonan syndrome,0,2.0,414
0.0,1,Noonan,Noonan syndrome,0,1,Noonan,0,Correct,High_Acc,2.0,0.0,16,0,1,Noonan syndrome,0,2.0,420
1.0,1,Noonan,Noonan syndrome,0,2,Noonan,0,Correct,High_Acc,2.0,1.0,16,0,1,Noonan syndrome,0,2.0,421
1.0,0,Noonan,Williams syndrome,-1,3,Noonan,0,Correct,High_Acc,-1.0,1.0,16,-1,0,Williams syndrome,0,0.0,422
2.0,1,Noonan,Noonan syndrome,0,6,Noonan,0,Correct,High_Acc,2.0,2.0,16,0,1,Noonan syndrome,0,2.0,425
1.0,1,Noonan,Noonan syndrome,1,7,Noonan,0,Correct,High_Acc,2.0,1.0,16,0,1,Noonan syndrome,0,1.0,426
0.0,1,Noonan,Noonan syndrome,0,8,Noonan,0,Correct,High_Acc,1.0,0.0,16,0,1,Noonan syndrome,0,1.0,427
1.0,1,Noonan,Noonan syndrome,1,9,Noonan,0,Correct,High_Acc,1.0,1.0,16,0,1,Noonan syndrome,0,0.0,428
2.0,1,Noonan,Noonan syndrome,0,10,Noonan,0,Correct,High_Acc,2.0,2.0,16,0,1,Noonan syndrome,0,2.0,429
0.0,1,Noonan,Noonan syndrome,0,11,Noonan,0,Correct,High_Acc,0.0,0.0,16,0,1,Noonan syndrome,0,0.0,430
1.0,0,Noonan,Noonan syndrome,0,12,Noonan,1,Correct,High_Acc,1.0,1.0,16,1,1,Kabuki syndrome,0,1.0,431
-1.0,1,Noonan,Noonan syndrome,0,13,Noonan,0,Correct,High_Acc,2.0,-1.0,16,0,1,Noonan syndrome,0,2.0,432
-1.0,1,Noonan,Noonan syndrome,0,14,Noonan,0,Correct,High_Acc,1.0,-1.0,16,0,1,Noonan syndrome,0,1.0,433
2.0,1,Noonan,Noonan syndrome,0,15,Noonan,0,Correct,High_Acc,1.0,2.0,16,0,1,Noonan syndrome,0,1.0,434
2.0,1,Noonan,Noonan syndrome,0,16,Noonan,0,Correct,High_Acc,2.0,2.0,16,0,1,Noonan syndrome,0,2.0,435
1.0,1,Noonan,Noonan syndrome,0,17,Noonan,0,Correct,High_Acc,2.0,1.0,16,0,1,Noonan syndrome,0,2.0,436
1.0,1,Noonan,Noonan syndrome,0,18,Noonan,0,Correct,High_Acc,1.0,1.0,16,0,1,Noonan syndrome,0,1.0,437
1.0,1,Noonan,Noonan syndrome,1,19,Noonan,0,Correct,High_Acc,0.0,1.0,16,0,1,Noonan syndrome,0,-1.0,438
0.0,1,Noonan,Noonan syndrome,0,20,Noonan,0,Correct,High_Acc,2.0,0.0,16,0,1,Noonan syndrome,0,2.0,439
1.0,1,Noonan,Noonan syndrome,0,21,Noonan,0,Correct,High_Acc,1.0,1.0,16,0,1,Noonan syndrome,0,1.0,440
0.0,1,Noonan,Noonan syndrome,0,22,Noonan,0,Correct,High_Acc,0.0,0.0,16,0,1,Noonan syndrome,0,0.0,441
2.0,0,Noonan,Noonan syndrome,0,23,Noonan,1,Correct,High_Acc,2.0,2.0,16,1,1,Kabuki syndrome,0,2.0,442
2.0,1,Williams,Angelman syndrome,0,1,Angelman,-1,Incorrect,High_Acc,2.0,2.0,17,1,0,Williams syndrome,0,2.0,448
1.0,1,Williams,Williams syndrome,-1,2,Angelman,0,Incorrect,High_Acc,1.0,1.0,17,-1,1,Williams syndrome,0,2.0,449
0.0,1,Williams,Williams syndrome,-2,3,Angelman,0,Incorrect,High_Acc,-1.0,0.0,17,-1,1,Williams syndrome,0,1.0,450
2.0,1,Williams,Williams syndrome,0,6,Angelman,0,Incorrect,High_Acc,2.0,2.0,17,-1,1,Williams syndrome,0,2.0,453
2.0,1,Williams,Angelman syndrome,0,7,Angelman,-1,Incorrect,High_Acc,1.0,2.0,17,1,0,Williams syndrome,0,1.0,454
-1.0,1,Williams,Williams syndrome,-1,8,Angelman,0,Incorrect,High_Acc,0.0,-1.0,17,-1,1,Williams syndrome,0,1.0,455
0.0,1,Williams,Williams syndrome,-1,9,Angelman,0,Incorrect,High_Acc,1.0,0.0,17,-1,1,Williams syndrome,0,2.0,456
1.0,1,Williams,Angelman syndrome,-1,10,Angelman,-1,Incorrect,High_Acc,0.0,1.0,17,1,0,Williams syndrome,0,1.0,457
0.0,1,Williams,Williams syndrome,0,11,Angelman,0,Incorrect,High_Acc,0.0,0.0,17,-1,1,Williams syndrome,0,0.0,458
1.0,1,Williams,Angelman syndrome,-1,12,Angelman,-1,Incorrect,High_Acc,1.0,1.0,17,1,0,Williams syndrome,0,2.0,459
-2.0,1,Williams,Williams syndrome,0,13,Angelman,0,Incorrect,High_Acc,2.0,-2.0,17,-1,1,Williams syndrome,0,2.0,460
-2.0,1,Williams,Williams syndrome,-1,14,Angelman,0,Incorrect,High_Acc,0.0,-2.0,17,-1,1,Williams syndrome,0,1.0,461
1.0,1,Williams,Angelman syndrome,-1,15,Angelman,-1,Incorrect,High_Acc,1.0,1.0,17,1,0,Williams syndrome,0,2.0,462
-1.0,1,Williams,Williams syndrome,-1,16,Angelman,0,Incorrect,High_Acc,1.0,-1.0,17,-1,1,Williams syndrome,0,2.0,463
-1.0,1,Williams,Angelman syndrome,-3,17,Angelman,-1,Incorrect,High_Acc,-1.0,-1.0,17,1,0,Williams syndrome,0,2.0,464
1.0,0,Williams,Angelman syndrome,0,18,Angelman,0,Incorrect,High_Acc,1.0,1.0,17,0,0,Angelman syndrome,0,1.0,465
1.0,1,Williams,Angelman syndrome,-2,19,Angelman,-1,Incorrect,High_Acc,-1.0,1.0,17,1,0,Williams syndrome,0,1.0,466
-1.0,1,Williams,Williams syndrome,-1,20,Angelman,0,Incorrect,High_Acc,1.0,-1.0,17,-1,1,Williams syndrome,0,2.0,467
-1.0,1,Williams,Williams syndrome,0,21,Angelman,0,Incorrect,High_Acc,0.0,-1.0,17,-1,1,Williams syndrome,0,0.0,468
0.0,1,Williams,Angelman syndrome,0,22,Angelman,-1,Incorrect,High_Acc,0.0,0.0,17,1,0,Williams syndrome,0,0.0,469
2.0,1,Williams,Angelman syndrome,0,23,Angelman,-1,Incorrect,High_Acc,2.0,2.0,17,1,0,Williams syndrome,0,2.0,470
2.0,0,Angelman,Kabuki syndrome,3,1,Kabuki,0,Incorrect,Low_Acc,2.0,2.0,18,0,0,Kabuki syndrome,0,-1.0,476
0.0,0,Angelman,Unaffected,0,2,Kabuki,0,Incorrect,Low_Acc,1.0,0.0,18,-1,0,Unaffected,0,1.0,477
1.0,0,Angelman,Kabuki syndrome,1,3,Kabuki,0,Incorrect,Low_Acc,1.0,1.0,18,0,0,Kabuki syndrome,0,0.0,478
2.0,0,Angelman,Unaffected,0,6,Kabuki,0,Incorrect,Low_Acc,2.0,2.0,18,-1,0,Unaffected,0,2.0,481
1.0,0,Angelman,Kabuki syndrome,0,7,Kabuki,0,Incorrect,Low_Acc,1.0,1.0,18,0,0,Kabuki syndrome,0,1.0,482
0.0,0,Angelman,Unaffected,0,8,Kabuki,0,Incorrect,Low_Acc,0.0,0.0,18,-1,0,Unaffected,0,0.0,483
0.0,0,Angelman,Unaffected,0,9,Kabuki,0,Incorrect,Low_Acc,0.0,0.0,18,-1,0,Unaffected,0,0.0,484
0.0,0,Angelman,Unaffected,-1,10,Kabuki,0,Incorrect,Low_Acc,0.0,0.0,18,-1,0,Unaffected,0,1.0,485
0.0,0,Angelman,Kabuki syndrome,0,11,Kabuki,0,Incorrect,Low_Acc,0.0,0.0,18,0,0,Kabuki syndrome,0,0.0,486
1.0,0,Angelman,Kabuki syndrome,-1,12,Kabuki,0,Incorrect,Low_Acc,0.0,1.0,18,1,0,22q11.2 deletion syndrome,0,1.0,487
0.0,0,Angelman,Kabuki syndrome,0,13,Kabuki,0,Incorrect,Low_Acc,1.0,0.0,18,0,0,Kabuki syndrome,0,1.0,488
-2.0,0,Angelman,Unaffected,1,14,Kabuki,0,Incorrect,Low_Acc,-1.0,-2.0,18,-1,0,Unaffected,0,-2.0,489
0.0,0,Angelman,Kabuki syndrome,0,15,Kabuki,0,Incorrect,Low_Acc,0.0,0.0,18,1,0,Unaffected,0,0.0,490
2.0,0,Angelman,Kabuki syndrome,0,16,Kabuki,0,Incorrect,Low_Acc,2.0,2.0,18,0,0,Kabuki syndrome,0,2.0,491
-1.0,0,Angelman,Kabuki syndrome,-2,17,Kabuki,0,Incorrect,Low_Acc,-1.0,-1.0,18,1,0,Unaffected,0,1.0,492
1.0,0,Angelman,Kabuki syndrome,1,18,Kabuki,0,Incorrect,Low_Acc,1.0,1.0,18,1,0,22q11.2 deletion syndrome,0,0.0,493
-1.0,0,Angelman,Unaffected,0,19,Kabuki,0,Incorrect,Low_Acc,-1.0,-1.0,18,-1,0,Unaffected,0,-1.0,494
-2.0,0,Angelman,Unaffected,0,20,Kabuki,0,Incorrect,Low_Acc,-2.0,-2.0,18,-1,0,Unaffected,0,-2.0,495
0.0,0,Angelman,Unaffected,1,21,Kabuki,0,Incorrect,Low_Acc,0.0,0.0,18,-1,0,Unaffected,0,-1.0,496
0.0,0,Angelman,22q11.2 deletion syndrome,0,22,Kabuki,0,Incorrect,Low_Acc,0.0,0.0,18,-1,0,22q11.2 deletion syndrome,0,0.0,497
2.0,0,Angelman,Kabuki syndrome,0,23,Kabuki,0,Incorrect,Low_Acc,2.0,2.0,18,0,0,Kabuki syndrome,0,2.0,498
-2.0,1,Kabuki,Kabuki syndrome,0,1,Kabuki,0,Correct,High_Acc,2.0,-2.0,1,0,1,Kabuki syndrome,1,2.0,0
2.0,1,Kabuki,Kabuki syndrome,1,2,Kabuki,0,Correct,High_Acc,2.0,2.0,1,0,1,Kabuki syndrome,1,1.0,1
0.0,1,Kabuki,Kabuki syndrome,0,3,Kabuki,0,Correct,High_Acc,2.0,-2.0,1,0,1,Kabuki syndrome,1,2.0,2
1.0,1,Kabuki,Kabuki syndrome,0,4,Kabuki,0,Correct,High_Acc,2.0,1.0,1,0,1,Kabuki syndrome,1,2.0,3
2.0,1,Kabuki,Kabuki syndrome,0,5,Kabuki,0,Correct,High_Acc,2.0,-2.0,1,0,1,Kabuki syndrome,1,2.0,4
0.0,1,Kabuki,Kabuki syndrome,0,6,Kabuki,0,Correct,High_Acc,2.0,1.0,1,0,1,Kabuki syndrome,1,2.0,5
1.0,1,Kabuki,Kabuki syndrome,1,7,Kabuki,0,Correct,High_Acc,1.0,1.0,1,0,1,Kabuki syndrome,1,0.0,6
2.0,1,Kabuki,Kabuki syndrome,1,8,Kabuki,0,Correct,High_Acc,2.0,2.0,1,0,1,Kabuki syndrome,1,1.0,7
-2.0,1,Kabuki,Kabuki syndrome,0,9,Kabuki,0,Correct,High_Acc,2.0,-2.0,1,0,1,Kabuki syndrome,1,2.0,8
2.0,1,Kabuki,Kabuki syndrome,0,10,Kabuki,0,Correct,High_Acc,2.0,1.0,1,0,1,Kabuki syndrome,1,2.0,9
2.0,1,Kabuki,Kabuki syndrome,0,11,Kabuki,0,Correct,High_Acc,2.0,1.0,1,0,1,Kabuki syndrome,1,2.0,10
2.0,1,Kabuki,Kabuki syndrome,0,12,Kabuki,0,Correct,High_Acc,2.0,0.0,1,0,1,Kabuki syndrome,1,2.0,11
2.0,1,Kabuki,Kabuki syndrome,0,13,Kabuki,0,Correct,High_Acc,2.0,0.0,1,0,1,Kabuki syndrome,1,2.0,12
1.0,1,Kabuki,Kabuki syndrome,0,14,Kabuki,0,Correct,High_Acc,2.0,1.0,1,0,1,Kabuki syndrome,1,2.0,13
2.0,1,Kabuki,Kabuki syndrome,0,15,Kabuki,0,Correct,High_Acc,2.0,-2.0,1,0,1,Kabuki syndrome,1,2.0,14
0.0,1,Kabuki,Kabuki syndrome,0,16,Kabuki,0,Correct,High_Acc,2.0,0.0,1,0,1,Kabuki syndrome,1,2.0,15
-2.0,1,Kabuki,Kabuki syndrome,0,17,Kabuki,0,Correct,High_Acc,2.0,-2.0,1,0,1,Kabuki syndrome,1,2.0,16
-2.0,1,Kabuki,Kabuki syndrome,0,18,Kabuki,0,Correct,High_Acc,2.0,-2.0,1,0,1,Kabuki syndrome,1,2.0,17
1.0,1,Kabuki,Kabuki syndrome,-1,19,Kabuki,0,Correct,High_Acc,1.0,1.0,1,0,1,Kabuki syndrome,1,2.0,18
2.0,1,Kabuki,Kabuki syndrome,0,20,Kabuki,0,Correct,High_Acc,2.0,0.0,1,0,1,Kabuki syndrome,1,2.0,19
1.0,1,Kabuki,Kabuki syndrome,0,21,Kabuki,0,Correct,High_Acc,2.0,0.0,1,0,1,Kabuki syndrome,1,2.0,20
-2.0,1,Angelman,Angelman syndrome,0,1,Angelman,0,Correct,Low_Acc,2.0,-2.0,2,0,1,Angelman syndrome,1,2.0,21
0.0,0,Angelman,22q11.2 deletion syndrome,0,2,Angelman,0,Correct,Low_Acc,0.0,-1.0,2,-1,0,22q11.2 deletion syndrome,1,0.0,22
1.0,1,Angelman,Angelman syndrome,1,3,Angelman,0,Correct,Low_Acc,2.0,-2.0,2,0,1,Angelman syndrome,1,1.0,23
0.0,0,Angelman,Unaffected,-2,4,Angelman,0,Correct,Low_Acc,-1.0,1.0,2,-1,0,Unaffected,1,1.0,24
2.0,1,Angelman,Angelman syndrome,2,5,Angelman,0,Correct,Low_Acc,2.0,-2.0,2,0,1,Angelman syndrome,1,0.0,25
0.0,1,Angelman,Angelman syndrome,0,6,Angelman,0,Correct,Low_Acc,2.0,1.0,2,0,1,Angelman syndrome,1,2.0,26
1.0,1,Angelman,Angelman syndrome,2,7,Angelman,0,Correct,Low_Acc,1.0,1.0,2,0,1,Angelman syndrome,1,-1.0,27
2.0,1,Angelman,Angelman syndrome,4,8,Angelman,0,Correct,Low_Acc,2.0,2.0,2,0,1,Angelman syndrome,1,-2.0,28
0.0,0,Angelman,Angelman syndrome,0,9,Angelman,1,Correct,Low_Acc,0.0,0.0,2,1,1,22q11.2 deletion syndrome,1,0.0,29
2.0,0,Angelman,Angelman syndrome,1,10,Angelman,1,Correct,Low_Acc,2.0,2.0,2,1,1,22q11.2 deletion syndrome,1,1.0,30
1.0,0,Angelman,Angelman syndrome,0,11,Angelman,1,Correct,Low_Acc,1.0,1.0,2,1,1,22q11.2 deletion syndrome,1,1.0,31
2.0,1,Angelman,Angelman syndrome,1,12,Angelman,0,Correct,Low_Acc,2.0,0.0,2,0,1,Angelman syndrome,1,1.0,32
2.0,1,Angelman,Angelman syndrome,1,13,Angelman,0,Correct,Low_Acc,2.0,-1.0,2,0,1,Angelman syndrome,1,1.0,33
0.0,0,Angelman,Angelman syndrome,0,14,Angelman,1,Correct,Low_Acc,0.0,0.0,2,1,1,22q11.2 deletion syndrome,1,0.0,34
1.0,1,Angelman,Angelman syndrome,1,15,Angelman,0,Correct,Low_Acc,1.0,1.0,2,0,1,Angelman syndrome,1,0.0,35
0.0,0,Angelman,Angelman syndrome,2,16,Angelman,1,Correct,Low_Acc,2.0,2.0,2,1,1,22q11.2 deletion syndrome,1,0.0,36
1.0,0,Angelman,Williams syndrome,0,17,Angelman,0,Correct,Low_Acc,0.0,1.0,2,-1,0,Williams syndrome,1,0.0,37
1.0,0,Angelman,Angelman syndrome,-1,18,Angelman,1,Correct,Low_Acc,1.0,1.0,2,1,1,22q11.2 deletion syndrome,1,2.0,38
0.0,0,Angelman,Angelman syndrome,0,19,Angelman,1,Correct,Low_Acc,0.0,0.0,2,1,1,Unaffected,1,0.0,39
2.0,0,Angelman,Angelman syndrome,1,20,Angelman,1,Correct,Low_Acc,1.0,-1.0,2,1,1,22q11.2 deletion syndrome,1,0.0,40
1.0,0,Angelman,Angelman syndrome,-1,21,Angelman,1,Correct,Low_Acc,-1.0,-1.0,2,1,1,Unaffected,1,0.0,41
-2.0,1,Noonan,Noonan syndrome,0,1,Noonan,0,Correct,High_Acc,2.0,-2.0,3,0,1,Noonan syndrome,1,2.0,42
2.0,1,Noonan,Noonan syndrome,1,2,Noonan,0,Correct,High_Acc,2.0,1.0,3,0,1,Noonan syndrome,1,1.0,43
0.0,1,Noonan,Noonan syndrome,0,3,Noonan,0,Correct,High_Acc,2.0,-2.0,3,0,1,Noonan syndrome,1,2.0,44
2.0,1,Noonan,Noonan syndrome,0,4,Noonan,0,Correct,High_Acc,2.0,2.0,3,0,1,Noonan syndrome,1,2.0,45
2.0,1,Noonan,Noonan syndrome,0,5,Noonan,0,Correct,High_Acc,2.0,-2.0,3,0,1,Noonan syndrome,1,2.0,46
0.0,1,Noonan,Noonan syndrome,0,6,Noonan,0,Correct,High_Acc,2.0,1.0,3,0,1,Noonan syndrome,1,2.0,47
1.0,1,Noonan,Noonan syndrome,0,7,Noonan,0,Correct,High_Acc,1.0,1.0,3,0,1,Noonan syndrome,1,1.0,48
2.0,1,Noonan,Noonan syndrome,1,8,Noonan,0,Correct,High_Acc,2.0,2.0,3,0,1,Noonan syndrome,1,1.0,49
-2.0,1,Noonan,Noonan syndrome,0,9,Noonan,0,Correct,High_Acc,2.0,-2.0,3,0,1,Noonan syndrome,1,2.0,50
2.0,1,Noonan,Noonan syndrome,0,10,Noonan,0,Correct,High_Acc,2.0,2.0,3,0,1,Noonan syndrome,1,2.0,51
2.0,1,Noonan,Noonan syndrome,0,11,Noonan,0,Correct,High_Acc,2.0,0.0,3,0,1,Noonan syndrome,1,2.0,52
2.0,1,Noonan,Noonan syndrome,0,12,Noonan,0,Correct,High_Acc,2.0,0.0,3,0,1,Noonan syndrome,1,2.0,53
2.0,1,Noonan,Noonan syndrome,0,13,Noonan,0,Correct,High_Acc,2.0,-2.0,3,0,1,Noonan syndrome,1,2.0,54
1.0,1,Noonan,Noonan syndrome,0,14,Noonan,0,Correct,High_Acc,1.0,1.0,3,0,1,Noonan syndrome,1,1.0,55
2.0,1,Noonan,Noonan syndrome,0,15,Noonan,0,Correct,High_Acc,2.0,0.0,3,0,1,Noonan syndrome,1,2.0,56
2.0,1,Noonan,Noonan syndrome,0,16,Noonan,0,Correct,High_Acc,2.0,2.0,3,0,1,Noonan syndrome,1,2.0,57
-2.0,1,Noonan,Noonan syndrome,-4,17,Noonan,0,Correct,High_Acc,-2.0,-2.0,3,0,1,Noonan syndrome,1,2.0,58
0.0,1,Noonan,Noonan syndrome,0,18,Noonan,0,Correct,High_Acc,2.0,0.0,3,0,1,Noonan syndrome,1,2.0,59
2.0,1,Noonan,Noonan syndrome,0,19,Noonan,0,Correct,High_Acc,2.0,2.0,3,0,1,Noonan syndrome,1,2.0,60
2.0,1,Noonan,Noonan syndrome,0,20,Noonan,0,Correct,High_Acc,2.0,-2.0,3,0,1,Noonan syndrome,1,2.0,61
2.0,1,Noonan,Noonan syndrome,0,21,Noonan,0,Correct,High_Acc,2.0,1.0,3,0,1,Noonan syndrome,1,2.0,62
-2.0,1,Unaffected,Unaffected,0,1,Unaffected,0,Correct,Low_Acc,2.0,-2.0,4,0,1,Unaffected,1,2.0,63
1.0,1,Unaffected,Unaffected,2,2,Unaffected,0,Correct,Low_Acc,0.0,1.0,4,0,1,Unaffected,1,-2.0,64
0.0,1,Unaffected,Unaffected,0,3,Unaffected,0,Correct,Low_Acc,1.0,-1.0,4,0,1,Unaffected,1,1.0,65
1.0,1,Unaffected,Unaffected,0,4,Unaffected,0,Correct,Low_Acc,2.0,1.0,4,0,1,Unaffected,1,2.0,66
2.0,1,Unaffected,Unaffected,1,5,Unaffected,0,Correct,Low_Acc,2.0,-2.0,4,0,1,Unaffected,1,1.0,67
0.0,1,Unaffected,Unaffected,-1,6,Unaffected,0,Correct,Low_Acc,1.0,0.0,4,0,1,Unaffected,1,2.0,68
1.0,1,Unaffected,Unaffected,0,7,Unaffected,0,Correct,Low_Acc,1.0,1.0,4,0,1,Unaffected,1,1.0,69
2.0,0,Unaffected,Unaffected,4,8,Unaffected,1,Correct,Low_Acc,2.0,2.0,4,1,1,22q11.2 deletion syndrome,1,-2.0,70
0.0,0,Unaffected,Kabuki syndrome,-2,9,Unaffected,0,Correct,Low_Acc,0.0,0.0,4,-1,0,Kabuki syndrome,1,2.0,71
2.0,1,Unaffected,Unaffected,0,10,Unaffected,0,Correct,Low_Acc,1.0,1.0,4,0,1,Unaffected,1,1.0,72
2.0,1,Unaffected,Unaffected,0,11,Unaffected,0,Correct,Low_Acc,1.0,0.0,4,0,1,Unaffected,1,1.0,73
1.0,0,Unaffected,Unaffected,0,12,Unaffected,1,Correct,Low_Acc,1.0,0.0,4,1,1,22q11.2 deletion syndrome,1,1.0,74
2.0,1,Unaffected,Unaffected,2,13,Unaffected,0,Correct,Low_Acc,2.0,-2.0,4,0,1,Unaffected,1,0.0,75
0.0,1,Unaffected,Unaffected,0,14,Unaffected,0,Correct,Low_Acc,0.0,0.0,4,0,1,Unaffected,1,0.0,76
2.0,0,Unaffected,Unaffected,2,15,Unaffected,1,Correct,Low_Acc,2.0,2.0,4,1,1,22q11.2 deletion syndrome,1,0.0,77
0.0,1,Unaffected,Unaffected,0,16,Unaffected,0,Correct,Low_Acc,2.0,0.0,4,0,1,Unaffected,1,2.0,78
1.0,0,Unaffected,Unaffected,0,17,Unaffected,1,Correct,Low_Acc,1.0,1.0,4,1,1,22q11.2 deletion syndrome,1,1.0,79
1.0,0,Unaffected,Unaffected,0,18,Unaffected,1,Correct,Low_Acc,1.0,1.0,4,1,1,22q11.2 deletion syndrome,1,1.0,80
2.0,1,Unaffected,Unaffected,1,19,Unaffected,0,Correct,Low_Acc,2.0,2.0,4,0,1,Unaffected,1,1.0,81
2.0,1,Unaffected,Unaffected,2,20,Unaffected,0,Correct,Low_Acc,2.0,0.0,4,0,1,Unaffected,1,0.0,82
2.0,0,Unaffected,Unaffected,1,21,Unaffected,1,Correct,Low_Acc,1.0,0.0,4,1,1,22q11.2 deletion syndrome,1,0.0,83
-2.0,0,Unaffected,Angelman syndrome,1,1,Angelman,0,Incorrect,Low_Acc,2.0,-2.0,5,0,0,Angelman syndrome,1,1.0,84
0.0,1,Unaffected,Unaffected,0,2,Angelman,0,Incorrect,Low_Acc,-1.0,0.0,5,-1,1,Unaffected,1,-1.0,85
-2.0,1,Unaffected,Unaffected,-1,3,Angelman,0,Incorrect,Low_Acc,1.0,-2.0,5,-1,1,Unaffected,1,2.0,86
-1.0,0,Unaffected,Williams syndrome,0,4,Angelman,0,Incorrect,Low_Acc,2.0,-1.0,5,-1,0,Williams syndrome,1,2.0,87
2.0,1,Unaffected,Angelman syndrome,1,5,Angelman,-1,Incorrect,Low_Acc,2.0,-2.0,5,1,0,Unaffected,1,1.0,88
0.0,0,Unaffected,Angelman syndrome,-1,6,Angelman,0,Incorrect,Low_Acc,0.0,0.0,5,1,0,22q11.2 deletion syndrome,1,1.0,89
1.0,0,Unaffected,Angelman syndrome,2,7,Angelman,0,Incorrect,Low_Acc,1.0,1.0,5,1,0,Williams syndrome,1,-1.0,90
2.0,0,Unaffected,Angelman syndrome,2,8,Angelman,0,Incorrect,Low_Acc,1.0,2.0,5,1,0,Williams syndrome,1,-1.0,91
0.0,0,Unaffected,Williams syndrome,-2,9,Angelman,0,Incorrect,Low_Acc,0.0,0.0,5,-1,0,Williams syndrome,1,2.0,92
-1.0,1,Unaffected,Unaffected,0,10,Angelman,0,Incorrect,Low_Acc,1.0,-1.0,5,-1,1,Unaffected,1,1.0,93
0.0,1,Unaffected,Unaffected,0,11,Angelman,0,Incorrect,Low_Acc,1.0,0.0,5,-1,1,Unaffected,1,1.0,94
2.0,0,Unaffected,Angelman syndrome,1,12,Angelman,0,Incorrect,Low_Acc,2.0,0.0,5,0,0,Angelman syndrome,1,1.0,95
1.0,1,Unaffected,Angelman syndrome,-1,13,Angelman,-1,Incorrect,Low_Acc,0.0,-2.0,5,1,0,Unaffected,1,1.0,96
-1.0,0,Unaffected,Angelman syndrome,-1,14,Angelman,0,Incorrect,Low_Acc,-1.0,-1.0,5,1,0,Williams syndrome,1,0.0,97
0.0,1,Unaffected,Unaffected,1,15,Angelman,0,Incorrect,Low_Acc,1.0,-1.0,5,-1,1,Unaffected,1,0.0,98
2.0,1,Unaffected,Angelman syndrome,0,16,Angelman,-1,Incorrect,Low_Acc,2.0,2.0,5,1,0,Unaffected,1,2.0,99
-2.0,0,Unaffected,Williams syndrome,-1,17,Angelman,0,Incorrect,Low_Acc,1.0,-2.0,5,-1,0,Williams syndrome,1,2.0,100
-1.0,0,Unaffected,Unaffected,-1,18,Angelman,1,Incorrect,Low_Acc,0.0,-1.0,5,-1,1,Williams syndrome,1,1.0,101
1.0,1,Unaffected,Unaffected,0,19,Angelman,0,Incorrect,Low_Acc,1.0,1.0,5,-1,1,Unaffected,1,1.0,102
2.0,0,Unaffected,Angelman syndrome,-3,20,Angelman,0,Incorrect,Low_Acc,-1.0,-1.0,5,1,0,Williams syndrome,1,2.0,103
2.0,0,Unaffected,Angelman syndrome,1,21,Angelman,0,Incorrect,Low_Acc,1.0,-1.0,5,1,0,Williams syndrome,1,0.0,104
-2.0,1,Kabuki,Kabuki syndrome,0,1,Kabuki,0,Correct,High_Acc,2.0,-2.0,6,0,1,Kabuki syndrome,1,2.0,105
1.0,1,Kabuki,Kabuki syndrome,1,2,Kabuki,0,Correct,High_Acc,2.0,1.0,6,0,1,Kabuki syndrome,1,1.0,106
0.0,1,Kabuki,Kabuki syndrome,0,3,Kabuki,0,Correct,High_Acc,2.0,-2.0,6,0,1,Kabuki syndrome,1,2.0,107
-1.0,0,Kabuki,Unaffected,-1,4,Kabuki,0,Correct,High_Acc,0.0,-1.0,6,-1,0,22q11.2 deletion syndrome,1,1.0,108
2.0,1,Kabuki,Kabuki syndrome,0,5,Kabuki,0,Correct,High_Acc,2.0,-2.0,6,0,1,Kabuki syndrome,1,2.0,109
0.0,1,Kabuki,Kabuki syndrome,0,6,Kabuki,0,Correct,High_Acc,2.0,1.0,6,0,1,Kabuki syndrome,1,2.0,110
1.0,0,Kabuki,Kabuki syndrome,0,7,Kabuki,1,Correct,High_Acc,1.0,1.0,6,1,1,22q11.2 deletion syndrome,1,1.0,111
2.0,1,Kabuki,Kabuki syndrome,2,8,Kabuki,0,Correct,High_Acc,2.0,2.0,6,0,1,Kabuki syndrome,1,0.0,112
-2.0,1,Kabuki,Kabuki syndrome,0,9,Kabuki,0,Correct,High_Acc,2.0,-2.0,6,0,1,Kabuki syndrome,1,2.0,113
2.0,1,Kabuki,Kabuki syndrome,1,10,Kabuki,0,Correct,High_Acc,2.0,1.0,6,0,1,Kabuki syndrome,1,1.0,114
2.0,1,Kabuki,Kabuki syndrome,0,11,Kabuki,0,Correct,High_Acc,2.0,0.0,6,0,1,Kabuki syndrome,1,2.0,115
2.0,1,Kabuki,Kabuki syndrome,0,12,Kabuki,0,Correct,High_Acc,2.0,0.0,6,0,1,Kabuki syndrome,1,2.0,116
2.0,1,Kabuki,Kabuki syndrome,0,13,Kabuki,0,Correct,High_Acc,2.0,-2.0,6,0,1,Kabuki syndrome,1,2.0,117
0.0,1,Kabuki,Kabuki syndrome,0,14,Kabuki,0,Correct,High_Acc,1.0,0.0,6,0,1,Kabuki syndrome,1,1.0,118
2.0,1,Kabuki,Kabuki syndrome,0,15,Kabuki,0,Correct,High_Acc,2.0,1.0,6,0,1,Kabuki syndrome,1,2.0,119
2.0,1,Kabuki,Kabuki syndrome,0,16,Kabuki,0,Correct,High_Acc,2.0,2.0,6,0,1,Kabuki syndrome,1,2.0,120
0.0,0,Kabuki,Kabuki syndrome,1,17,Kabuki,1,Correct,High_Acc,2.0,0.0,6,1,1,22q11.2 deletion syndrome,1,1.0,121
1.0,0,Kabuki,Kabuki syndrome,-1,18,Kabuki,1,Correct,High_Acc,0.0,1.0,6,1,1,Noonan syndrome,1,1.0,122
2.0,1,Kabuki,Kabuki syndrome,0,19,Kabuki,0,Correct,High_Acc,2.0,2.0,6,0,1,Kabuki syndrome,1,2.0,123
2.0,1,Kabuki,Kabuki syndrome,0,20,Kabuki,0,Correct,High_Acc,2.0,-2.0,6,0,1,Kabuki syndrome,1,2.0,124
2.0,1,Kabuki,Kabuki syndrome,0,21,Kabuki,0,Correct,High_Acc,2.0,0.0,6,0,1,Kabuki syndrome,1,2.0,125
-2.0,0,Williams,22q11.2 deletion syndrome,0,1,Williams,0,Correct,High_Acc,1.0,-2.0,7,-1,0,22q11.2 deletion syndrome,1,1.0,126
1.0,1,Williams,Williams syndrome,2,2,Williams,0,Correct,High_Acc,1.0,1.0,7,0,1,Williams syndrome,1,-1.0,127
1.0,0,Williams,Williams syndrome,0,3,Williams,1,Correct,High_Acc,1.0,-2.0,7,1,1,Noonan syndrome,1,1.0,128
0.0,0,Williams,Noonan syndrome,-2,4,Williams,0,Correct,High_Acc,0.0,0.0,7,-1,0,Noonan syndrome,1,2.0,129
2.0,1,Williams,Williams syndrome,1,5,Williams,0,Correct,High_Acc,2.0,-2.0,7,0,1,Williams syndrome,1,1.0,130
0.0,1,Williams,Williams syndrome,0,6,Williams,0,Correct,High_Acc,1.0,0.0,7,0,1,Williams syndrome,1,1.0,131
1.0,0,Williams,Williams syndrome,2,7,Williams,1,Correct,High_Acc,1.0,1.0,7,1,1,Angelman syndrome,1,-1.0,132
2.0,1,Williams,Williams syndrome,4,8,Williams,0,Correct,High_Acc,2.0,2.0,7,0,1,Williams syndrome,1,-2.0,133
-2.0,1,Williams,Williams syndrome,0,9,Williams,0,Correct,High_Acc,2.0,-2.0,7,0,1,Williams syndrome,1,2.0,134
2.0,1,Williams,Williams syndrome,1,10,Williams,0,Correct,High_Acc,2.0,1.0,7,0,1,Williams syndrome,1,1.0,135
2.0,1,Williams,Williams syndrome,0,11,Williams,0,Correct,High_Acc,2.0,0.0,7,0,1,Williams syndrome,1,2.0,136
2.0,1,Williams,Williams syndrome,0,12,Williams,0,Correct,High_Acc,2.0,0.0,7,0,1,Williams syndrome,1,2.0,137
2.0,1,Williams,Williams syndrome,3,13,Williams,0,Correct,High_Acc,2.0,-2.0,7,0,1,Williams syndrome,1,-1.0,138
1.0,1,Williams,Williams syndrome,1,14,Williams,0,Correct,High_Acc,2.0,1.0,7,0,1,Williams syndrome,1,1.0,139
2.0,1,Williams,Williams syndrome,0,15,Williams,0,Correct,High_Acc,1.0,2.0,7,0,1,Williams syndrome,1,1.0,140
2.0,0,Williams,Williams syndrome,4,16,Williams,1,Correct,High_Acc,2.0,2.0,7,1,1,Unaffected,1,-2.0,141
1.0,0,Williams,Williams syndrome,1,17,Williams,1,Correct,High_Acc,1.0,1.0,7,1,1,Angelman syndrome,1,0.0,142
1.0,1,Williams,Williams syndrome,1,18,Williams,0,Correct,High_Acc,2.0,1.0,7,0,1,Williams syndrome,1,1.0,143
1.0,0,Williams,Williams syndrome,1,19,Williams,1,Correct,High_Acc,1.0,1.0,7,1,1,22q11.2 deletion syndrome,1,0.0,144
2.0,0,Williams,Williams syndrome,0,20,Williams,1,Correct,High_Acc,2.0,1.0,7,1,1,Noonan syndrome,1,2.0,145
1.0,0,Williams,Williams syndrome,-1,21,Williams,1,Correct,High_Acc,-1.0,0.0,7,1,1,22q11.2 deletion syndrome,1,0.0,146
-2.0,0,22q,Noonan syndrome,1,1,Kabuki,0,Incorrect,Low_Acc,1.0,-2.0,8,-1,0,Noonan syndrome,1,0.0,147
-1.0,0,22q,Unaffected,0,2,Kabuki,0,Incorrect,Low_Acc,-2.0,0.0,8,-1,0,Noonan syndrome,1,-2.0,148
1.0,0,22q,Williams syndrome,-1,3,Kabuki,0,Incorrect,Low_Acc,0.0,-2.0,8,-1,0,Williams syndrome,1,1.0,149
-1.0,0,22q,Williams syndrome,0,4,Kabuki,0,Incorrect,Low_Acc,1.0,-1.0,8,-1,0,Williams syndrome,1,1.0,150
2.0,1,22q,Kabuki syndrome,1,5,Kabuki,-1,Incorrect,Low_Acc,2.0,-2.0,8,1,0,22q11.2 deletion syndrome,1,1.0,151
0.0,0,22q,Kabuki syndrome,-1,6,Kabuki,0,Incorrect,Low_Acc,0.0,0.0,8,1,0,Unaffected,1,1.0,152
1.0,0,22q,Kabuki syndrome,0,7,Kabuki,0,Incorrect,Low_Acc,1.0,1.0,8,1,0,Noonan syndrome,1,1.0,153
1.0,0,22q,Kabuki syndrome,1,8,Kabuki,0,Incorrect,Low_Acc,-1.0,1.0,8,1,0,Noonan syndrome,1,-2.0,154
-2.0,0,22q,Noonan syndrome,-2,9,Kabuki,0,Incorrect,Low_Acc,0.0,-2.0,8,-1,0,Noonan syndrome,1,2.0,155
0.0,1,22q,22q11.2 deletion syndrome,0,10,Kabuki,0,Incorrect,Low_Acc,1.0,0.0,8,-1,1,22q11.2 deletion syndrome,1,1.0,156
0.0,0,22q,Unaffected,-1,11,Kabuki,0,Incorrect,Low_Acc,0.0,0.0,8,-1,0,Noonan syndrome,1,1.0,157
1.0,0,22q,Kabuki syndrome,0,12,Kabuki,0,Incorrect,Low_Acc,1.0,0.0,8,1,0,Williams syndrome,1,1.0,158
1.0,0,22q,Kabuki syndrome,-1,13,Kabuki,0,Incorrect,Low_Acc,0.0,-2.0,8,1,0,Noonan syndrome,1,1.0,159
-1.0,0,22q,Noonan syndrome,-2,14,Kabuki,0,Incorrect,Low_Acc,-1.0,-1.0,8,-1,0,Noonan syndrome,1,1.0,160
-1.0,0,22q,Noonan syndrome,-1,15,Kabuki,0,Incorrect,Low_Acc,0.0,0.0,8,-1,0,Noonan syndrome,1,1.0,161
0.0,0,22q,Kabuki syndrome,-1,16,Kabuki,0,Incorrect,Low_Acc,-1.0,0.0,8,1,0,Noonan syndrome,1,0.0,162
-2.0,0,22q,Noonan syndrome,-1,17,Kabuki,0,Incorrect,Low_Acc,1.0,-2.0,8,-1,0,Noonan syndrome,1,2.0,163
0.0,0,22q,Noonan syndrome,0,18,Kabuki,0,Incorrect,Low_Acc,1.0,0.0,8,-1,0,Noonan syndrome,1,1.0,164
1.0,0,22q,Noonan syndrome,0,19,Kabuki,0,Incorrect,Low_Acc,1.0,1.0,8,-1,0,Noonan syndrome,1,1.0,165
2.0,0,22q,Kabuki syndrome,0,20,Kabuki,0,Incorrect,Low_Acc,1.0,-1.0,8,1,0,Williams syndrome,1,1.0,166
-2.0,0,22q,Noonan syndrome,-1,21,Kabuki,0,Incorrect,Low_Acc,0.0,0.0,8,-1,0,Noonan syndrome,1,1.0,167
1.0,0,Noonan,Williams syndrome,1,1,Williams,0,Incorrect,Low_Acc,1.0,-2.0,9,0,0,Williams syndrome,1,0.0,168
0.0,1,Noonan,Noonan syndrome,-2,2,Williams,0,Incorrect,Low_Acc,-2.0,0.0,9,-1,1,Noonan syndrome,1,0.0,169
1.0,0,Noonan,Williams syndrome,0,3,Williams,0,Incorrect,Low_Acc,1.0,-2.0,9,1,0,Kabuki syndrome,1,1.0,170
-1.0,1,Noonan,Noonan syndrome,-1,4,Williams,0,Incorrect,Low_Acc,1.0,-1.0,9,-1,1,Noonan syndrome,1,2.0,171
1.0,1,Noonan,Noonan syndrome,-1,5,Williams,0,Incorrect,Low_Acc,1.0,-2.0,9,-1,1,Noonan syndrome,1,2.0,172
0.0,1,Noonan,Williams syndrome,-2,6,Williams,-1,Incorrect,Low_Acc,-1.0,0.0,9,1,0,Noonan syndrome,1,1.0,173
1.0,0,Noonan,Williams syndrome,1,7,Williams,0,Incorrect,Low_Acc,1.0,1.0,9,1,0,Kabuki syndrome,1,0.0,174
1.0,1,Noonan,Williams syndrome,2,8,Williams,-1,Incorrect,Low_Acc,1.0,1.0,9,1,0,Noonan syndrome,1,-1.0,175
-2.0,1,Noonan,Noonan syndrome,-2,9,Williams,0,Incorrect,Low_Acc,0.0,-2.0,9,-1,1,Noonan syndrome,1,2.0,176
1.0,0,Noonan,Williams syndrome,0,10,Williams,0,Incorrect,Low_Acc,2.0,1.0,9,0,0,Williams syndrome,1,2.0,177
0.0,0,Noonan,Williams syndrome,0,11,Williams,0,Incorrect,Low_Acc,0.0,0.0,9,1,0,Kabuki syndrome,1,0.0,178
0.0,1,Noonan,Noonan syndrome,-2,12,Williams,0,Incorrect,Low_Acc,0.0,0.0,9,-1,1,Noonan syndrome,1,2.0,179
1.0,1,Noonan,Williams syndrome,0,13,Williams,-1,Incorrect,Low_Acc,1.0,-2.0,9,1,0,Noonan syndrome,1,1.0,180
0.0,0,Noonan,Williams syndrome,-1,14,Williams,0,Incorrect,Low_Acc,-1.0,0.0,9,1,0,Kabuki syndrome,1,0.0,181
1.0,0,Noonan,Unaffected,0,15,Williams,0,Incorrect,Low_Acc,1.0,0.0,9,-1,0,Unaffected,1,1.0,182
0.0,1,Noonan,Williams syndrome,-1,16,Williams,-1,Incorrect,Low_Acc,1.0,0.0,9,1,0,Noonan syndrome,1,2.0,183
-1.0,1,Noonan,Noonan syndrome,0,17,Williams,0,Incorrect,Low_Acc,1.0,-1.0,9,-1,1,Noonan syndrome,1,1.0,184
-1.0,1,Noonan,Noonan syndrome,-1,18,Williams,0,Incorrect,Low_Acc,1.0,-1.0,9,-1,1,Noonan syndrome,1,2.0,185
1.0,0,Noonan,Williams syndrome,0,19,Williams,0,Incorrect,Low_Acc,1.0,1.0,9,1,0,22q11.2 deletion syndrome,1,1.0,186
2.0,1,Noonan,Williams syndrome,-1,20,Williams,-1,Incorrect,Low_Acc,1.0,0.0,9,1,0,Noonan syndrome,1,2.0,187
1.0,0,Noonan,Williams syndrome,0,21,Williams,0,Incorrect,Low_Acc,0.0,-1.0,9,1,0,Unaffected,1,0.0,188
-2.0,1,22q,22q11.2 deletion syndrome,0,1,22q,0,Correct,High_Acc,2.0,-2.0,10,0,1,22q11.2 deletion syndrome,1,2.0,189
1.0,1,22q,22q11.2 deletion syndrome,2,2,22q,0,Correct,High_Acc,1.0,1.0,10,0,1,22q11.2 deletion syndrome,1,-1.0,190
1.0,1,22q,22q11.2 deletion syndrome,0,3,22q,0,Correct,High_Acc,2.0,-1.0,10,0,1,22q11.2 deletion syndrome,1,2.0,191
2.0,1,22q,22q11.2 deletion syndrome,0,4,22q,0,Correct,High_Acc,2.0,2.0,10,0,1,22q11.2 deletion syndrome,1,2.0,192
2.0,1,22q,22q11.2 deletion syndrome,0,5,22q,0,Correct,High_Acc,2.0,-2.0,10,0,1,22q11.2 deletion syndrome,1,2.0,193
0.0,1,22q,22q11.2 deletion syndrome,-1,6,22q,0,Correct,High_Acc,1.0,0.0,10,0,1,22q11.2 deletion syndrome,1,2.0,194
1.0,1,22q,22q11.2 deletion syndrome,1,7,22q,0,Correct,High_Acc,1.0,1.0,10,0,1,22q11.2 deletion syndrome,1,0.0,195
2.0,1,22q,22q11.2 deletion syndrome,1,8,22q,0,Correct,High_Acc,2.0,2.0,10,0,1,22q11.2 deletion syndrome,1,1.0,196
-2.0,1,22q,22q11.2 deletion syndrome,0,9,22q,0,Correct,High_Acc,2.0,-2.0,10,0,1,22q11.2 deletion syndrome,1,2.0,197
2.0,1,22q,22q11.2 deletion syndrome,1,10,22q,0,Correct,High_Acc,2.0,1.0,10,0,1,22q11.2 deletion syndrome,1,1.0,198
2.0,1,22q,22q11.2 deletion syndrome,1,11,22q,0,Correct,High_Acc,2.0,0.0,10,0,1,22q11.2 deletion syndrome,1,1.0,199
2.0,1,22q,22q11.2 deletion syndrome,0,12,22q,0,Correct,High_Acc,2.0,0.0,10,0,1,22q11.2 deletion syndrome,1,2.0,200
2.0,1,22q,22q11.2 deletion syndrome,0,13,22q,0,Correct,High_Acc,2.0,-2.0,10,0,1,22q11.2 deletion syndrome,1,2.0,201
1.0,1,22q,22q11.2 deletion syndrome,1,14,22q,0,Correct,High_Acc,1.0,1.0,10,0,1,22q11.2 deletion syndrome,1,0.0,202
2.0,1,22q,22q11.2 deletion syndrome,0,15,22q,0,Correct,High_Acc,2.0,1.0,10,0,1,22q11.2 deletion syndrome,1,2.0,203
2.0,1,22q,22q11.2 deletion syndrome,0,16,22q,0,Correct,High_Acc,2.0,2.0,10,0,1,22q11.2 deletion syndrome,1,2.0,204
1.0,1,22q,22q11.2 deletion syndrome,1,17,22q,0,Correct,High_Acc,1.0,1.0,10,0,1,22q11.2 deletion syndrome,1,0.0,205
0.0,1,22q,22q11.2 deletion syndrome,0,18,22q,0,Correct,High_Acc,2.0,0.0,10,0,1,22q11.2 deletion syndrome,1,2.0,206
2.0,1,22q,22q11.2 deletion syndrome,1,19,22q,0,Correct,High_Acc,2.0,2.0,10,0,1,22q11.2 deletion syndrome,1,1.0,207
2.0,1,22q,22q11.2 deletion syndrome,0,20,22q,0,Correct,High_Acc,2.0,2.0,10,0,1,22q11.2 deletion syndrome,1,2.0,208
2.0,1,22q,22q11.2 deletion syndrome,2,21,22q,0,Correct,High_Acc,2.0,0.0,10,0,1,22q11.2 deletion syndrome,1,0.0,209
-2.0,1,Williams,Noonan syndrome,0,1,Williams,-1,Correct,High_Acc,2.0,-2.0,11,-1,0,Williams syndrome,1,2.0,210
1.0,1,Williams,Williams syndrome,1,2,Williams,0,Correct,High_Acc,2.0,1.0,11,0,1,Williams syndrome,1,1.0,211
1.0,1,Williams,Williams syndrome,0,3,Williams,0,Correct,High_Acc,2.0,-2.0,11,0,1,Williams syndrome,1,2.0,212
2.0,1,Williams,Williams syndrome,0,4,Williams,0,Correct,High_Acc,2.0,2.0,11,0,1,Williams syndrome,1,2.0,213
2.0,1,Williams,Williams syndrome,1,5,Williams,0,Correct,High_Acc,2.0,-2.0,11,0,1,Williams syndrome,1,1.0,214
1.0,1,Williams,Williams syndrome,-1,6,Williams,0,Correct,High_Acc,1.0,0.0,11,0,1,Williams syndrome,1,2.0,215
1.0,1,Williams,Williams syndrome,1,7,Williams,0,Correct,High_Acc,1.0,1.0,11,0,1,Williams syndrome,1,0.0,216
2.0,1,Williams,Williams syndrome,2,8,Williams,0,Correct,High_Acc,2.0,2.0,11,0,1,Williams syndrome,1,0.0,217
-2.0,1,Williams,Williams syndrome,0,9,Williams,0,Correct,High_Acc,2.0,-2.0,11,0,1,Williams syndrome,1,2.0,218
2.0,1,Williams,Williams syndrome,1,10,Williams,0,Correct,High_Acc,2.0,1.0,11,0,1,Williams syndrome,1,1.0,219
2.0,1,Williams,Williams syndrome,0,11,Williams,0,Correct,High_Acc,2.0,0.0,11,0,1,Williams syndrome,1,2.0,220
2.0,1,Williams,Williams syndrome,0,12,Williams,0,Correct,High_Acc,2.0,0.0,11,0,1,Williams syndrome,1,2.0,221
2.0,1,Williams,Williams syndrome,0,13,Williams,0,Correct,High_Acc,2.0,-2.0,11,0,1,Williams syndrome,1,2.0,222
1.0,1,Williams,Williams syndrome,0,14,Williams,0,Correct,High_Acc,2.0,1.0,11,0,1,Williams syndrome,1,2.0,223
2.0,1,Williams,Williams syndrome,0,15,Williams,0,Correct,High_Acc,2.0,1.0,11,0,1,Williams syndrome,1,2.0,224
2.0,1,Williams,Williams syndrome,0,16,Williams,0,Correct,High_Acc,2.0,2.0,11,0,1,Williams syndrome,1,2.0,225
0.0,1,Williams,Williams syndrome,0,17,Williams,0,Correct,High_Acc,2.0,0.0,11,0,1,Williams syndrome,1,2.0,226
0.0,1,Williams,Williams syndrome,0,18,Williams,0,Correct,High_Acc,2.0,0.0,11,0,1,Williams syndrome,1,2.0,227
2.0,1,Williams,Williams syndrome,1,19,Williams,0,Correct,High_Acc,2.0,2.0,11,0,1,Williams syndrome,1,1.0,228
2.0,1,Williams,Williams syndrome,0,20,Williams,0,Correct,High_Acc,2.0,0.0,11,0,1,Williams syndrome,1,2.0,229
2.0,1,Williams,Williams syndrome,0,21,Williams,0,Correct,High_Acc,2.0,1.0,11,0,1,Williams syndrome,1,2.0,230
1.0,1,Unaffected,Unaffected,1,1,Unaffected,0,Correct,High_Acc,2.0,-2.0,12,0,1,Unaffected,1,1.0,231
1.0,1,Unaffected,Unaffected,2,2,Unaffected,0,Correct,High_Acc,1.0,-2.0,12,0,1,Unaffected,1,-1.0,232
0.0,1,Unaffected,Unaffected,0,3,Unaffected,0,Correct,High_Acc,1.0,-2.0,12,0,1,Unaffected,1,1.0,233
1.0,1,Unaffected,Unaffected,1,4,Unaffected,0,Correct,High_Acc,2.0,1.0,12,0,1,Unaffected,1,1.0,234
2.0,1,Unaffected,Unaffected,2,5,Unaffected,0,Correct,High_Acc,2.0,-2.0,12,0,1,Unaffected,1,0.0,235
0.0,0,Unaffected,Unaffected,-2,6,Unaffected,1,Correct,High_Acc,-1.0,0.0,12,1,1,22q11.2 deletion syndrome,1,1.0,236
1.0,0,Unaffected,Unaffected,1,7,Unaffected,1,Correct,High_Acc,1.0,1.0,12,1,1,Angelman syndrome,1,0.0,237
2.0,1,Unaffected,Unaffected,4,8,Unaffected,0,Correct,High_Acc,2.0,2.0,12,0,1,Unaffected,1,-2.0,238
-2.0,1,Unaffected,Unaffected,0,9,Unaffected,0,Correct,High_Acc,2.0,-2.0,12,0,1,Unaffected,1,2.0,239
1.0,1,Unaffected,Unaffected,0,10,Unaffected,0,Correct,High_Acc,1.0,1.0,12,0,1,Unaffected,1,1.0,240
1.0,1,Unaffected,Unaffected,0,11,Unaffected,0,Correct,High_Acc,1.0,0.0,12,0,1,Unaffected,1,1.0,241
2.0,1,Unaffected,Unaffected,2,12,Unaffected,0,Correct,High_Acc,2.0,0.0,12,0,1,Unaffected,1,0.0,242
1.0,1,Unaffected,Unaffected,1,13,Unaffected,0,Correct,High_Acc,2.0,-2.0,12,0,1,Unaffected,1,1.0,243
1.0,1,Unaffected,Unaffected,1,14,Unaffected,0,Correct,High_Acc,2.0,0.0,12,0,1,Unaffected,1,1.0,244
2.0,1,Unaffected,Unaffected,1,15,Unaffected,0,Correct,High_Acc,2.0,2.0,12,0,1,Unaffected,1,1.0,245
0.0,1,Unaffected,Unaffected,0,16,Unaffected,0,Correct,High_Acc,2.0,0.0,12,0,1,Unaffected,1,2.0,246
1.0,1,Unaffected,Unaffected,1,17,Unaffected,0,Correct,High_Acc,2.0,1.0,12,0,1,Unaffected,1,1.0,247
1.0,1,Unaffected,Unaffected,1,18,Unaffected,0,Correct,High_Acc,2.0,0.0,12,0,1,Unaffected,1,1.0,248
1.0,1,Unaffected,Unaffected,0,19,Unaffected,0,Correct,High_Acc,1.0,1.0,12,0,1,Unaffected,1,1.0,249
2.0,1,Unaffected,Unaffected,1,20,Unaffected,0,Correct,High_Acc,2.0,-1.0,12,0,1,Unaffected,1,1.0,250
2.0,1,Unaffected,Unaffected,2,21,Unaffected,0,Correct,High_Acc,2.0,-2.0,12,0,1,Unaffected,1,0.0,251
-2.0,0,22q,Unaffected,0,1,22q,0,Correct,Low_Acc,1.0,-2.0,13,-1,0,Unaffected,1,1.0,252
0.0,0,22q,Unaffected,2,2,22q,0,Correct,Low_Acc,0.0,0.0,13,-1,0,Unaffected,1,-2.0,253
-1.0,0,22q,Williams syndrome,-1,3,22q,0,Correct,Low_Acc,0.0,-2.0,13,-1,0,Williams syndrome,1,1.0,254
0.0,0,22q,Unaffected,-2,4,22q,0,Correct,Low_Acc,-1.0,0.0,13,-1,0,Unaffected,1,1.0,255
2.0,1,22q,22q11.2 deletion syndrome,0,5,22q,0,Correct,Low_Acc,2.0,-2.0,13,0,1,22q11.2 deletion syndrome,1,2.0,256
0.0,0,22q,22q11.2 deletion syndrome,-2,6,22q,1,Correct,Low_Acc,-1.0,0.0,13,1,1,Unaffected,1,1.0,257
1.0,0,22q,22q11.2 deletion syndrome,1,7,22q,1,Correct,Low_Acc,1.0,1.0,13,1,1,Unaffected,1,0.0,258
1.0,0,22q,Noonan syndrome,3,8,22q,0,Correct,Low_Acc,1.0,1.0,13,-1,0,Noonan syndrome,1,-2.0,259
-2.0,1,22q,22q11.2 deletion syndrome,0,9,22q,0,Correct,Low_Acc,1.0,-2.0,13,0,1,22q11.2 deletion syndrome,1,1.0,260
0.0,0,22q,Unaffected,-1,10,22q,0,Correct,Low_Acc,0.0,0.0,13,-1,0,Unaffected,1,1.0,261
1.0,0,22q,22q11.2 deletion syndrome,-1,11,22q,1,Correct,Low_Acc,-1.0,0.0,13,1,1,Unaffected,1,0.0,262
2.0,0,22q,22q11.2 deletion syndrome,0,12,22q,1,Correct,Low_Acc,1.0,0.0,13,1,1,Kabuki syndrome,1,1.0,263
0.0,0,22q,Unaffected,0,13,22q,0,Correct,Low_Acc,0.0,-2.0,13,-1,0,Unaffected,1,0.0,264
2.0,1,22q,22q11.2 deletion syndrome,2,14,22q,0,Correct,Low_Acc,1.0,1.0,13,0,1,22q11.2 deletion syndrome,1,-1.0,265
1.0,0,22q,Unaffected,0,15,22q,0,Correct,Low_Acc,1.0,1.0,13,-1,0,Unaffected,1,1.0,266
0.0,0,22q,22q11.2 deletion syndrome,0,16,22q,1,Correct,Low_Acc,2.0,2.0,13,1,1,Unaffected,1,2.0,267
1.0,1,22q,22q11.2 deletion syndrome,0,17,22q,0,Correct,Low_Acc,-1.0,1.0,13,0,1,22q11.2 deletion syndrome,1,-1.0,268
2.0,0,22q,22q11.2 deletion syndrome,0,18,22q,1,Correct,Low_Acc,1.0,2.0,13,1,1,Kabuki syndrome,1,1.0,269
1.0,0,22q,22q11.2 deletion syndrome,0,19,22q,1,Correct,Low_Acc,1.0,1.0,13,1,1,Kabuki syndrome,1,1.0,270
2.0,0,22q,22q11.2 deletion syndrome,1,20,22q,1,Correct,Low_Acc,1.0,0.0,13,1,1,Unaffected,1,0.0,271
2.0,0,22q,22q11.2 deletion syndrome,0,21,22q,1,Correct,Low_Acc,0.0,0.0,13,1,1,Unaffected,1,0.0,272
-2.0,1,Kabuki,Kabuki syndrome,0,1,22q,0,Incorrect,Low_Acc,2.0,-2.0,14,-1,1,Kabuki syndrome,1,2.0,273
-2.0,1,Kabuki,Kabuki syndrome,0,2,22q,0,Incorrect,Low_Acc,1.0,-1.0,14,-1,1,Kabuki syndrome,1,1.0,274
0.0,0,Kabuki,22q11.2 deletion syndrome,0,3,22q,0,Incorrect,Low_Acc,2.0,-1.0,14,0,0,22q11.2 deletion syndrome,1,2.0,275
-2.0,0,Kabuki,22q11.2 deletion syndrome,0,4,22q,0,Incorrect,Low_Acc,-2.0,-2.0,14,1,0,Angelman syndrome,1,-2.0,276
2.0,1,Kabuki,22q11.2 deletion syndrome,1,5,22q,-1,Incorrect,Low_Acc,2.0,-2.0,14,1,0,Kabuki syndrome,1,1.0,277
0.0,1,Kabuki,22q11.2 deletion syndrome,0,6,22q,-1,Incorrect,Low_Acc,1.0,0.0,14,1,0,Kabuki syndrome,1,1.0,278
1.0,0,Kabuki,22q11.2 deletion syndrome,1,7,22q,0,Incorrect,Low_Acc,1.0,1.0,14,1,0,Williams syndrome,1,0.0,279
0.0,1,Kabuki,22q11.2 deletion syndrome,2,8,22q,-1,Incorrect,Low_Acc,0.0,0.0,14,1,0,Kabuki syndrome,1,-2.0,280
-2.0,1,Kabuki,Kabuki syndrome,-2,9,22q,0,Incorrect,Low_Acc,0.0,-2.0,14,-1,1,Kabuki syndrome,1,2.0,281
1.0,1,Kabuki,22q11.2 deletion syndrome,0,10,22q,-1,Incorrect,Low_Acc,1.0,1.0,14,1,0,Kabuki syndrome,1,1.0,282
0.0,1,Kabuki,Kabuki syndrome,-2,11,22q,0,Incorrect,Low_Acc,0.0,0.0,14,-1,1,Kabuki syndrome,1,2.0,283
2.0,1,Kabuki,22q11.2 deletion syndrome,-1,12,22q,-1,Incorrect,Low_Acc,1.0,0.0,14,1,0,Kabuki syndrome,1,2.0,284
2.0,1,Kabuki,22q11.2 deletion syndrome,1,13,22q,-1,Incorrect,Low_Acc,1.0,-2.0,14,1,0,Kabuki syndrome,1,0.0,285
0.0,1,Kabuki,22q11.2 deletion syndrome,-2,14,22q,-1,Incorrect,Low_Acc,-1.0,0.0,14,1,0,Kabuki syndrome,1,1.0,286
2.0,1,Kabuki,22q11.2 deletion syndrome,0,15,22q,-1,Incorrect,Low_Acc,1.0,2.0,14,1,0,Kabuki syndrome,1,1.0,287
1.0,0,Kabuki,22q11.2 deletion syndrome,1,16,22q,0,Incorrect,Low_Acc,2.0,1.0,14,0,0,22q11.2 deletion syndrome,1,1.0,288
1.0,1,Kabuki,22q11.2 deletion syndrome,-1,17,22q,-1,Incorrect,Low_Acc,0.0,1.0,14,1,0,Kabuki syndrome,1,1.0,289
0.0,1,Kabuki,Kabuki syndrome,0,18,22q,0,Incorrect,Low_Acc,1.0,0.0,14,-1,1,Kabuki syndrome,1,1.0,290
1.0,1,Kabuki,22q11.2 deletion syndrome,0,19,22q,-1,Incorrect,Low_Acc,1.0,1.0,14,1,0,Kabuki syndrome,1,1.0,291
2.0,1,Kabuki,22q11.2 deletion syndrome,0,20,22q,-1,Incorrect,Low_Acc,1.0,-1.0,14,1,0,Kabuki syndrome,1,1.0,292
2.0,0,Kabuki,22q11.2 deletion syndrome,2,21,22q,0,Incorrect,Low_Acc,2.0,0.0,14,0,0,22q11.2 deletion syndrome,1,0.0,293
-2.0,1,Angelman,Angelman syndrome,0,1,Angelman,0,Correct,Low_Acc,2.0,-2.0,15,0,1,Angelman syndrome,1,2.0,294
0.0,0,Angelman,Angelman syndrome,2,2,Angelman,1,Correct,Low_Acc,0.0,0.0,15,1,1,22q11.2 deletion syndrome,1,-2.0,295
0.0,0,Angelman,Williams syndrome,0,3,Angelman,0,Correct,Low_Acc,0.0,-1.0,15,-1,0,Williams syndrome,1,0.0,296
-1.0,0,Angelman,Angelman syndrome,-2,4,Angelman,1,Correct,Low_Acc,-1.0,-1.0,15,1,1,Williams syndrome,1,1.0,297
2.0,0,Angelman,Angelman syndrome,0,5,Angelman,1,Correct,Low_Acc,1.0,-2.0,15,1,1,Williams syndrome,1,1.0,298
0.0,1,Angelman,Angelman syndrome,0,6,Angelman,0,Correct,Low_Acc,1.0,0.0,15,0,1,Angelman syndrome,1,1.0,299
2.0,1,Angelman,Angelman syndrome,3,8,Angelman,0,Correct,Low_Acc,2.0,2.0,15,0,1,Angelman syndrome,1,-1.0,301
-2.0,0,Angelman,Unaffected,0,9,Angelman,0,Correct,Low_Acc,0.0,-2.0,15,-1,0,Unaffected,1,0.0,302
1.0,1,Angelman,Angelman syndrome,0,10,Angelman,0,Correct,Low_Acc,1.0,1.0,15,0,1,Angelman syndrome,1,1.0,303
0.0,0,Angelman,Angelman syndrome,-1,11,Angelman,1,Correct,Low_Acc,-2.0,0.0,15,1,1,Williams syndrome,1,-1.0,304
2.0,0,Angelman,Angelman syndrome,1,12,Angelman,1,Correct,Low_Acc,2.0,0.0,15,1,1,Williams syndrome,1,1.0,305
1.0,0,Angelman,Angelman syndrome,0,13,Angelman,1,Correct,Low_Acc,0.0,-2.0,15,1,1,Williams syndrome,1,0.0,306
-1.0,0,Angelman,Williams syndrome,-2,14,Angelman,0,Correct,Low_Acc,0.0,-1.0,15,-1,0,Williams syndrome,1,2.0,307
2.0,1,Angelman,Angelman syndrome,0,15,Angelman,0,Correct,Low_Acc,1.0,1.0,15,0,1,Angelman syndrome,1,1.0,308
2.0,1,Angelman,Angelman syndrome,1,16,Angelman,0,Correct,Low_Acc,2.0,2.0,15,0,1,Angelman syndrome,1,1.0,309
0.0,0,Angelman,Angelman syndrome,-1,17,Angelman,1,Correct,Low_Acc,0.0,0.0,15,1,1,Williams syndrome,1,1.0,310
2.0,0,Angelman,Angelman syndrome,0,18,Angelman,1,Correct,Low_Acc,1.0,1.0,15,1,1,Williams syndrome,1,1.0,311
1.0,0,Angelman,Angelman syndrome,0,19,Angelman,1,Correct,Low_Acc,1.0,1.0,15,1,1,Unaffected,1,1.0,312
2.0,1,Angelman,Angelman syndrome,2,20,Angelman,0,Correct,Low_Acc,2.0,0.0,15,0,1,Angelman syndrome,1,0.0,313
2.0,0,Angelman,Angelman syndrome,1,21,Angelman,1,Correct,Low_Acc,2.0,-1.0,15,1,1,Unaffected,1,1.0,314
-2.0,1,Noonan,Noonan syndrome,0,1,Noonan,0,Correct,High_Acc,2.0,-2.0,16,0,1,Noonan syndrome,1,2.0,315
0.0,1,Noonan,Noonan syndrome,0,2,Noonan,0,Correct,High_Acc,1.0,0.0,16,0,1,Noonan syndrome,1,1.0,316
0.0,1,Noonan,Noonan syndrome,0,3,Noonan,0,Correct,High_Acc,2.0,-1.0,16,0,1,Noonan syndrome,1,2.0,317
-1.0,0,Noonan,Noonan syndrome,-2,4,Noonan,1,Correct,High_Acc,-1.0,-1.0,16,1,1,22q11.2 deletion syndrome,1,1.0,318
2.0,1,Noonan,Noonan syndrome,0,5,Noonan,0,Correct,High_Acc,2.0,-2.0,16,0,1,Noonan syndrome,1,2.0,319
1.0,0,Noonan,Noonan syndrome,-1,6,Noonan,1,Correct,High_Acc,0.0,0.0,16,1,1,Kabuki syndrome,1,1.0,320
2.0,1,Noonan,Noonan syndrome,4,8,Noonan,0,Correct,High_Acc,2.0,2.0,16,0,1,Noonan syndrome,1,-2.0,322
-2.0,1,Noonan,Noonan syndrome,0,9,Noonan,0,Correct,High_Acc,2.0,-2.0,16,0,1,Noonan syndrome,1,2.0,323
2.0,1,Noonan,Noonan syndrome,1,10,Noonan,0,Correct,High_Acc,2.0,1.0,16,0,1,Noonan syndrome,1,1.0,324
1.0,1,Noonan,Noonan syndrome,0,11,Noonan,0,Correct,High_Acc,1.0,0.0,16,0,1,Noonan syndrome,1,1.0,325
2.0,1,Noonan,Noonan syndrome,0,12,Noonan,0,Correct,High_Acc,2.0,0.0,16,0,1,Noonan syndrome,1,2.0,326
1.0,0,Noonan,Noonan syndrome,1,13,Noonan,1,Correct,High_Acc,1.0,-2.0,16,1,1,Unaffected,1,0.0,327
1.0,1,Noonan,Noonan syndrome,1,14,Noonan,0,Correct,High_Acc,1.0,0.0,16,0,1,Noonan syndrome,1,0.0,328
1.0,0,Noonan,Williams syndrome,0,15,Noonan,0,Correct,High_Acc,1.0,1.0,16,-1,0,Williams syndrome,1,1.0,329
2.0,1,Noonan,Noonan syndrome,0,16,Noonan,0,Correct,High_Acc,2.0,2.0,16,0,1,Noonan syndrome,1,2.0,330
1.0,1,Noonan,Noonan syndrome,0,17,Noonan,0,Correct,High_Acc,2.0,0.0,16,0,1,Noonan syndrome,1,2.0,331
1.0,1,Noonan,Noonan syndrome,1,18,Noonan,0,Correct,High_Acc,2.0,0.0,16,0,1,Noonan syndrome,1,1.0,332
1.0,1,Noonan,Noonan syndrome,0,19,Noonan,0,Correct,High_Acc,1.0,1.0,16,0,1,Noonan syndrome,1,1.0,333
2.0,1,Noonan,Noonan syndrome,1,20,Noonan,0,Correct,High_Acc,2.0,1.0,16,0,1,Noonan syndrome,1,1.0,334
2.0,1,Noonan,Noonan syndrome,2,21,Noonan,0,Correct,High_Acc,2.0,-1.0,16,0,1,Noonan syndrome,1,0.0,335
1.0,1,Williams,Angelman syndrome,-1,1,Angelman,-1,Incorrect,High_Acc,1.0,-2.0,17,1,0,Williams syndrome,1,2.0,336
-1.0,1,Williams,Williams syndrome,0,2,Angelman,0,Incorrect,High_Acc,1.0,0.0,17,-1,1,Williams syndrome,1,1.0,337
-2.0,1,Williams,Williams syndrome,0,3,Angelman,0,Incorrect,High_Acc,2.0,-2.0,17,-1,1,Williams syndrome,1,2.0,338
-2.0,1,Williams,Williams syndrome,-1,4,Angelman,0,Incorrect,High_Acc,1.0,-2.0,17,-1,1,Williams syndrome,1,2.0,339
2.0,1,Williams,Angelman syndrome,0,5,Angelman,-1,Incorrect,High_Acc,1.0,-2.0,17,1,0,Williams syndrome,1,1.0,340
1.0,0,Williams,Angelman syndrome,0,6,Angelman,0,Incorrect,High_Acc,2.0,0.0,17,0,0,Angelman syndrome,1,2.0,341
0.0,1,Williams,Angelman syndrome,2,8,Angelman,-1,Incorrect,High_Acc,0.0,0.0,17,1,0,Williams syndrome,1,-2.0,343
-2.0,0,Williams,Angelman syndrome,0,9,Angelman,0,Incorrect,High_Acc,2.0,-2.0,17,0,0,Angelman syndrome,1,2.0,344
-1.0,1,Williams,Williams syndrome,-1,10,Angelman,0,Incorrect,High_Acc,1.0,-1.0,17,-1,1,Williams syndrome,1,2.0,345
1.0,0,Williams,Angelman syndrome,0,11,Angelman,0,Incorrect,High_Acc,2.0,0.0,17,0,0,Angelman syndrome,1,2.0,346
0.0,0,Williams,Angelman syndrome,-1,12,Angelman,0,Incorrect,High_Acc,0.0,0.0,17,0,0,Angelman syndrome,1,1.0,347
2.0,1,Williams,Angelman syndrome,0,13,Angelman,-1,Incorrect,High_Acc,2.0,-2.0,17,1,0,Williams syndrome,1,2.0,348
1.0,1,Williams,Angelman syndrome,-1,14,Angelman,-1,Incorrect,High_Acc,0.0,0.0,17,1,0,Williams syndrome,1,1.0,349
2.0,0,Williams,Angelman syndrome,0,15,Angelman,0,Incorrect,High_Acc,1.0,2.0,17,0,0,Angelman syndrome,1,1.0,350
2.0,1,Williams,Angelman syndrome,0,16,Angelman,-1,Incorrect,High_Acc,2.0,2.0,17,1,0,Williams syndrome,1,2.0,351
-2.0,1,Williams,Williams syndrome,0,17,Angelman,0,Incorrect,High_Acc,2.0,-2.0,17,-1,1,Williams syndrome,1,2.0,352
-2.0,1,Williams,Williams syndrome,0,18,Angelman,0,Incorrect,High_Acc,2.0,-2.0,17,-1,1,Williams syndrome,1,2.0,353
2.0,0,Williams,Angelman syndrome,0,19,Angelman,0,Incorrect,High_Acc,2.0,2.0,17,0,0,Angelman syndrome,1,2.0,354
1.0,1,Williams,Angelman syndrome,-1,20,Angelman,-1,Incorrect,High_Acc,1.0,-1.0,17,1,0,Williams syndrome,1,2.0,355
2.0,1,Williams,Angelman syndrome,0,21,Angelman,-1,Incorrect,High_Acc,2.0,-1.0,17,1,0,Williams syndrome,1,2.0,356
-2.0,1,Angelman,Angelman syndrome,0,1,Kabuki,0,Incorrect,Low_Acc,1.0,-2.0,18,-1,1,Angelman syndrome,1,1.0,357
-1.0,0,Angelman,Unaffected,-2,2,Kabuki,0,Incorrect,Low_Acc,-1.0,-2.0,18,-1,0,Unaffected,1,1.0,358
0.0,0,Angelman,Kabuki syndrome,-3,3,Kabuki,0,Incorrect,Low_Acc,-2.0,-1.0,18,0,0,Kabuki syndrome,1,1.0,359
-1.0,0,Angelman,Unaffected,-2,4,Kabuki,0,Incorrect,Low_Acc,-1.0,-1.0,18,-1,0,Unaffected,1,1.0,360
1.0,0,Angelman,Unaffected,0,5,Kabuki,0,Incorrect,Low_Acc,1.0,-2.0,18,-1,0,Unaffected,1,1.0,361
1.0,0,Angelman,Kabuki syndrome,0,6,Kabuki,0,Incorrect,Low_Acc,1.0,0.0,18,0,0,Kabuki syndrome,1,1.0,362
2.0,0,Angelman,Kabuki syndrome,4,8,Kabuki,0,Incorrect,Low_Acc,2.0,2.0,18,0,0,Kabuki syndrome,1,-2.0,364
-2.0,0,Angelman,Kabuki syndrome,0,9,Kabuki,0,Incorrect,Low_Acc,2.0,-2.0,18,0,0,Kabuki syndrome,1,2.0,365
0.0,0,Angelman,Unaffected,0,10,Kabuki,0,Incorrect,Low_Acc,1.0,0.0,18,-1,0,Unaffected,1,1.0,366
0.0,0,Angelman,Unaffected,-2,11,Kabuki,0,Incorrect,Low_Acc,-2.0,0.0,18,-1,0,Unaffected,1,0.0,367
2.0,0,Angelman,Kabuki syndrome,0,12,Kabuki,0,Incorrect,Low_Acc,2.0,0.0,18,1,0,Unaffected,1,2.0,368
2.0,0,Angelman,Kabuki syndrome,0,13,Kabuki,0,Incorrect,Low_Acc,2.0,-2.0,18,0,0,Kabuki syndrome,1,2.0,369
1.0,0,Angelman,Kabuki syndrome,1,14,Kabuki,0,Incorrect,Low_Acc,1.0,0.0,18,0,0,Kabuki syndrome,1,0.0,370
2.0,0,Angelman,Kabuki syndrome,0,15,Kabuki,0,Incorrect,Low_Acc,1.0,1.0,18,0,0,Kabuki syndrome,1,1.0,371
2.0,0,Angelman,Kabuki syndrome,0,16,Kabuki,0,Incorrect,Low_Acc,2.0,2.0,18,0,0,Kabuki syndrome,1,2.0,372
2.0,0,Angelman,Kabuki syndrome,0,17,Kabuki,0,Incorrect,Low_Acc,2.0,0.0,18,0,0,Kabuki syndrome,1,2.0,373
-2.0,0,Angelman,Unaffected,0,18,Kabuki,0,Incorrect,Low_Acc,2.0,-2.0,18,-1,0,Unaffected,1,2.0,374
1.0,0,Angelman,Kabuki syndrome,0,19,Kabuki,0,Incorrect,Low_Acc,1.0,1.0,18,1,0,22q11.2 deletion syndrome,1,1.0,375
2.0,0,Angelman,Kabuki syndrome,1,20,Kabuki,0,Incorrect,Low_Acc,2.0,1.0,18,0,0,Kabuki syndrome,1,1.0,376
2.0,0,Angelman,Kabuki syndrome,1,21,Kabuki,0,Incorrect,Low_Acc,1.0,-1.0,18,1,0,Unaffected,1,0.0,377
